Timestamp_cmd,imu_cmd
2023-02-16 17:12:50:162,0
2023-02-16 17:12:50:171,0
2023-02-16 17:12:50:181,0
2023-02-16 17:12:50:191,0
2023-02-16 17:12:50:201,0
2023-02-16 17:12:50:211,0
2023-02-16 17:12:50:221,0
2023-02-16 17:12:50:231,0
2023-02-16 17:12:50:241,0
2023-02-16 17:12:50:251,0
2023-02-16 17:12:50:261,0
2023-02-16 17:12:50:271,0
2023-02-16 17:12:50:281,0
2023-02-16 17:12:50:291,0
2023-02-16 17:12:50:301,0
2023-02-16 17:12:50:311,0
2023-02-16 17:12:50:321,0
2023-02-16 17:12:50:331,0
2023-02-16 17:12:50:341,0
2023-02-16 17:12:50:351,0
2023-02-16 17:12:50:361,0
2023-02-16 17:12:50:371,0
2023-02-16 17:12:50:381,0
2023-02-16 17:12:50:391,0
2023-02-16 17:12:50:401,0
2023-02-16 17:12:50:411,0
2023-02-16 17:12:50:421,0
2023-02-16 17:12:50:431,0
2023-02-16 17:12:50:441,0
2023-02-16 17:12:50:451,0
2023-02-16 17:12:50:461,0
2023-02-16 17:12:50:471,0
2023-02-16 17:12:50:481,0
2023-02-16 17:12:50:491,0
2023-02-16 17:12:50:501,0
2023-02-16 17:12:50:511,0
2023-02-16 17:12:50:521,0
2023-02-16 17:12:50:531,0
2023-02-16 17:12:50:541,0
2023-02-16 17:12:50:551,0
2023-02-16 17:12:50:561,0
2023-02-16 17:12:50:571,0
2023-02-16 17:12:50:581,0
2023-02-16 17:12:50:590,0
2023-02-16 17:12:50:601,0
2023-02-16 17:12:50:611,0
2023-02-16 17:12:50:620,0
2023-02-16 17:12:50:631,0
2023-02-16 17:12:50:641,0
2023-02-16 17:12:50:651,0
2023-02-16 17:12:50:661,0
2023-02-16 17:12:50:671,0
2023-02-16 17:12:50:681,0
2023-02-16 17:12:50:691,0
2023-02-16 17:12:50:701,0
2023-02-16 17:12:50:711,0
2023-02-16 17:12:50:721,0
2023-02-16 17:12:50:730,0
2023-02-16 17:12:50:741,0
2023-02-16 17:12:50:751,0
2023-02-16 17:12:50:760,0
2023-02-16 17:12:50:771,0
2023-02-16 17:12:50:781,0
2023-02-16 17:12:50:791,0
2023-02-16 17:12:50:801,0
2023-02-16 17:12:50:811,0
2023-02-16 17:12:50:821,0
2023-02-16 17:12:50:831,0
2023-02-16 17:12:50:841,0
2023-02-16 17:12:50:851,0
2023-02-16 17:12:50:861,0
2023-02-16 17:12:50:871,0
2023-02-16 17:12:50:881,0
2023-02-16 17:12:50:891,0
2023-02-16 17:12:50:901,0
2023-02-16 17:12:50:911,0
2023-02-16 17:12:50:921,0
2023-02-16 17:12:50:931,0
2023-02-16 17:12:50:941,0
2023-02-16 17:12:50:951,0
2023-02-16 17:12:50:961,0
2023-02-16 17:12:50:971,0
2023-02-16 17:12:50:981,0
2023-02-16 17:12:50:991,0
2023-02-16 17:12:51:1,0
2023-02-16 17:12:51:11,0
2023-02-16 17:12:51:21,0
2023-02-16 17:12:51:31,0
2023-02-16 17:12:51:41,0
2023-02-16 17:12:51:51,0
2023-02-16 17:12:51:61,0
2023-02-16 17:12:51:71,0
2023-02-16 17:12:51:81,0
2023-02-16 17:12:51:91,0
2023-02-16 17:12:51:101,0
2023-02-16 17:12:51:111,0
2023-02-16 17:12:51:121,0
2023-02-16 17:12:51:131,0
2023-02-16 17:12:51:141,0
2023-02-16 17:12:51:151,0
2023-02-16 17:12:51:161,0
2023-02-16 17:12:51:171,0
2023-02-16 17:12:51:181,0
2023-02-16 17:12:51:191,0
2023-02-16 17:12:51:201,0
2023-02-16 17:12:51:211,0
2023-02-16 17:12:51:221,0
2023-02-16 17:12:51:231,0
2023-02-16 17:12:51:241,0
2023-02-16 17:12:51:251,0
2023-02-16 17:12:51:261,0
2023-02-16 17:12:51:271,0
2023-02-16 17:12:51:281,0
2023-02-16 17:12:51:291,0
2023-02-16 17:12:51:301,0
2023-02-16 17:12:51:311,0
2023-02-16 17:12:51:321,0
2023-02-16 17:12:51:331,0
2023-02-16 17:12:51:341,0
2023-02-16 17:12:51:351,0
2023-02-16 17:12:51:361,0
2023-02-16 17:12:51:371,0
2023-02-16 17:12:51:381,0
2023-02-16 17:12:51:391,0
2023-02-16 17:12:51:401,0
2023-02-16 17:12:51:411,0
2023-02-16 17:12:51:421,0
2023-02-16 17:12:51:431,0
2023-02-16 17:12:51:441,0
2023-02-16 17:12:51:451,0
2023-02-16 17:12:51:461,0
2023-02-16 17:12:51:471,0
2023-02-16 17:12:51:481,0
2023-02-16 17:12:51:491,0
2023-02-16 17:12:51:501,0
2023-02-16 17:12:51:511,0
2023-02-16 17:12:51:521,0
2023-02-16 17:12:51:531,0
2023-02-16 17:12:51:541,0
2023-02-16 17:12:51:551,0
2023-02-16 17:12:51:561,0
2023-02-16 17:12:51:571,0
2023-02-16 17:12:51:581,0
2023-02-16 17:12:51:591,0
2023-02-16 17:12:51:601,0
2023-02-16 17:12:51:611,0
2023-02-16 17:12:51:621,0
2023-02-16 17:12:51:631,0
2023-02-16 17:12:51:641,0
2023-02-16 17:12:51:651,0
2023-02-16 17:12:51:661,0
2023-02-16 17:12:51:671,0
2023-02-16 17:12:51:681,0
2023-02-16 17:12:51:691,0
2023-02-16 17:12:51:701,0
2023-02-16 17:12:51:711,0
2023-02-16 17:12:51:721,0
2023-02-16 17:12:51:731,0
2023-02-16 17:12:51:741,0
2023-02-16 17:12:51:751,0
2023-02-16 17:12:51:761,0
2023-02-16 17:12:51:771,0
2023-02-16 17:12:51:781,0
2023-02-16 17:12:51:791,0
2023-02-16 17:12:51:801,0
2023-02-16 17:12:51:811,0
2023-02-16 17:12:51:821,0
2023-02-16 17:12:51:831,0
2023-02-16 17:12:51:841,0
2023-02-16 17:12:51:851,0
2023-02-16 17:12:51:861,0
2023-02-16 17:12:51:871,0
2023-02-16 17:12:51:881,0
2023-02-16 17:12:51:891,0
2023-02-16 17:12:51:901,0
2023-02-16 17:12:51:911,0
2023-02-16 17:12:51:921,0
2023-02-16 17:12:51:931,0
2023-02-16 17:12:51:941,0
2023-02-16 17:12:51:951,0
2023-02-16 17:12:51:961,0
2023-02-16 17:12:51:971,0
2023-02-16 17:12:51:981,0
2023-02-16 17:12:51:991,0
2023-02-16 17:12:52:1,0
2023-02-16 17:12:52:11,0
2023-02-16 17:12:52:21,0
2023-02-16 17:12:52:31,0
2023-02-16 17:12:52:41,0
2023-02-16 17:12:52:51,0
2023-02-16 17:12:52:61,0
2023-02-16 17:12:52:71,0
2023-02-16 17:12:52:81,0
2023-02-16 17:12:52:91,0
2023-02-16 17:12:52:101,0
2023-02-16 17:12:52:111,0
2023-02-16 17:12:52:121,0
2023-02-16 17:12:52:131,0
2023-02-16 17:12:52:141,0
2023-02-16 17:12:52:151,0
2023-02-16 17:12:52:161,0
2023-02-16 17:12:52:171,0
2023-02-16 17:12:52:181,0
2023-02-16 17:12:52:191,0
2023-02-16 17:12:52:201,0
2023-02-16 17:12:52:211,0
2023-02-16 17:12:52:221,0
2023-02-16 17:12:52:231,0
2023-02-16 17:12:52:241,0
2023-02-16 17:12:52:251,0
2023-02-16 17:12:52:261,0
2023-02-16 17:12:52:271,0
2023-02-16 17:12:52:281,0
2023-02-16 17:12:52:291,0
2023-02-16 17:12:52:301,0
2023-02-16 17:12:52:311,0
2023-02-16 17:12:52:321,0
2023-02-16 17:12:52:331,0
2023-02-16 17:12:52:341,0
2023-02-16 17:12:52:351,0
2023-02-16 17:12:52:361,0
2023-02-16 17:12:52:371,0
2023-02-16 17:12:52:381,0
2023-02-16 17:12:52:391,0
2023-02-16 17:12:52:401,0
2023-02-16 17:12:52:411,0
2023-02-16 17:12:52:421,0
2023-02-16 17:12:52:431,0
2023-02-16 17:12:52:441,0
2023-02-16 17:12:52:451,0
2023-02-16 17:12:52:461,0
2023-02-16 17:12:52:471,0
2023-02-16 17:12:52:481,0
2023-02-16 17:12:52:491,0
2023-02-16 17:12:52:501,0
2023-02-16 17:12:52:511,0
2023-02-16 17:12:52:521,0
2023-02-16 17:12:52:531,0
2023-02-16 17:12:52:541,0
2023-02-16 17:12:52:551,0
2023-02-16 17:12:52:561,0
2023-02-16 17:12:52:571,0
2023-02-16 17:12:52:581,0
2023-02-16 17:12:52:591,0
2023-02-16 17:12:52:601,0
2023-02-16 17:12:52:611,0
2023-02-16 17:12:52:621,0
2023-02-16 17:12:52:631,0
2023-02-16 17:12:52:641,0
2023-02-16 17:12:52:651,0
2023-02-16 17:12:52:661,0
2023-02-16 17:12:52:671,0
2023-02-16 17:12:52:681,0
2023-02-16 17:12:52:691,0
2023-02-16 17:12:52:701,0
2023-02-16 17:12:52:711,0
2023-02-16 17:12:52:721,0
2023-02-16 17:12:52:731,0
2023-02-16 17:12:52:741,0
2023-02-16 17:12:52:751,0
2023-02-16 17:12:52:761,0
2023-02-16 17:12:52:771,0
2023-02-16 17:12:52:781,0
2023-02-16 17:12:52:791,0
2023-02-16 17:12:52:801,0
2023-02-16 17:12:52:811,0
2023-02-16 17:12:52:821,0
2023-02-16 17:12:52:831,0
2023-02-16 17:12:52:841,0
2023-02-16 17:12:52:851,0
2023-02-16 17:12:52:861,0
2023-02-16 17:12:52:871,0
2023-02-16 17:12:52:881,0
2023-02-16 17:12:52:891,0
2023-02-16 17:12:52:901,0
2023-02-16 17:12:52:911,0
2023-02-16 17:12:52:921,0
2023-02-16 17:12:52:931,0
2023-02-16 17:12:52:941,0
2023-02-16 17:12:52:951,0
2023-02-16 17:12:52:961,0
2023-02-16 17:12:52:971,0
2023-02-16 17:12:52:981,0
2023-02-16 17:12:52:991,0
2023-02-16 17:12:53:1,0
2023-02-16 17:12:53:11,0
2023-02-16 17:12:53:21,0
2023-02-16 17:12:53:31,0
2023-02-16 17:12:53:41,0
2023-02-16 17:12:53:51,0
2023-02-16 17:12:53:61,0
2023-02-16 17:12:53:71,0
2023-02-16 17:12:53:81,0
2023-02-16 17:12:53:91,0
2023-02-16 17:12:53:101,0
2023-02-16 17:12:53:111,0
2023-02-16 17:12:53:120,0
2023-02-16 17:12:53:130,0
2023-02-16 17:12:53:141,0
2023-02-16 17:12:53:151,0
2023-02-16 17:12:53:161,0
2023-02-16 17:12:53:171,0
2023-02-16 17:12:53:181,0
2023-02-16 17:12:53:191,0
2023-02-16 17:12:53:201,0
2023-02-16 17:12:53:211,0
2023-02-16 17:12:53:221,0
2023-02-16 17:12:53:231,0
2023-02-16 17:12:53:241,0
2023-02-16 17:12:53:251,0
2023-02-16 17:12:53:261,0
2023-02-16 17:12:53:271,0
2023-02-16 17:12:53:281,0
2023-02-16 17:12:53:291,0
2023-02-16 17:12:53:301,0
2023-02-16 17:12:53:311,0
2023-02-16 17:12:53:321,0
2023-02-16 17:12:53:331,0
2023-02-16 17:12:53:341,0
2023-02-16 17:12:53:351,0
2023-02-16 17:12:53:361,0
2023-02-16 17:12:53:371,0
2023-02-16 17:12:53:381,0
2023-02-16 17:12:53:391,0
2023-02-16 17:12:53:401,0
2023-02-16 17:12:53:411,0
2023-02-16 17:12:53:421,0
2023-02-16 17:12:53:431,0
2023-02-16 17:12:53:441,0
2023-02-16 17:12:53:451,0
2023-02-16 17:12:53:461,0
2023-02-16 17:12:53:471,0
2023-02-16 17:12:53:481,0
2023-02-16 17:12:53:491,0
2023-02-16 17:12:53:501,0
2023-02-16 17:12:53:511,0
2023-02-16 17:12:53:521,0
2023-02-16 17:12:53:531,0
2023-02-16 17:12:53:541,0
2023-02-16 17:12:53:551,0
2023-02-16 17:12:53:561,0
2023-02-16 17:12:53:571,0
2023-02-16 17:12:53:581,0
2023-02-16 17:12:53:591,0
2023-02-16 17:12:53:601,0
2023-02-16 17:12:53:611,0
2023-02-16 17:12:53:621,0
2023-02-16 17:12:53:631,0
2023-02-16 17:12:53:641,0
2023-02-16 17:12:53:651,0
2023-02-16 17:12:53:661,0
2023-02-16 17:12:53:671,0
2023-02-16 17:12:53:681,0
2023-02-16 17:12:53:691,0
2023-02-16 17:12:53:701,0
2023-02-16 17:12:53:711,0
2023-02-16 17:12:53:721,0
2023-02-16 17:12:53:731,0
2023-02-16 17:12:53:741,0
2023-02-16 17:12:53:751,0
2023-02-16 17:12:53:761,0
2023-02-16 17:12:53:771,0
2023-02-16 17:12:53:781,0
2023-02-16 17:12:53:791,0
2023-02-16 17:12:53:801,0
2023-02-16 17:12:53:811,0
2023-02-16 17:12:53:821,0
2023-02-16 17:12:53:831,0
2023-02-16 17:12:53:841,0
2023-02-16 17:12:53:851,0
2023-02-16 17:12:53:861,0
2023-02-16 17:12:53:871,0
2023-02-16 17:12:53:881,0
2023-02-16 17:12:53:891,0
2023-02-16 17:12:53:901,0
2023-02-16 17:12:53:911,0
2023-02-16 17:12:53:921,0
2023-02-16 17:12:53:931,0
2023-02-16 17:12:53:941,0
2023-02-16 17:12:53:951,0
2023-02-16 17:12:53:961,0
2023-02-16 17:12:53:971,0
2023-02-16 17:12:53:981,0
2023-02-16 17:12:53:991,0
2023-02-16 17:12:54:1,0
2023-02-16 17:12:54:11,0
2023-02-16 17:12:54:21,0
2023-02-16 17:12:54:31,0
2023-02-16 17:12:54:41,0
2023-02-16 17:12:54:51,0
2023-02-16 17:12:54:61,0
2023-02-16 17:12:54:71,0
2023-02-16 17:12:54:81,0
2023-02-16 17:12:54:91,0
2023-02-16 17:12:54:101,0
2023-02-16 17:12:54:111,0
2023-02-16 17:12:54:121,0
2023-02-16 17:12:54:131,0
2023-02-16 17:12:54:141,0
2023-02-16 17:12:54:151,0
2023-02-16 17:12:54:161,0
2023-02-16 17:12:54:171,0
2023-02-16 17:12:54:181,0
2023-02-16 17:12:54:191,0
2023-02-16 17:12:54:201,0
2023-02-16 17:12:54:211,0
2023-02-16 17:12:54:221,0
2023-02-16 17:12:54:231,0
2023-02-16 17:12:54:241,0
2023-02-16 17:12:54:251,0
2023-02-16 17:12:54:261,0
2023-02-16 17:12:54:271,0
2023-02-16 17:12:54:281,0
2023-02-16 17:12:54:291,0
2023-02-16 17:12:54:301,0
2023-02-16 17:12:54:311,0
2023-02-16 17:12:54:321,0
2023-02-16 17:12:54:331,0
2023-02-16 17:12:54:341,0
2023-02-16 17:12:54:351,0
2023-02-16 17:12:54:361,0
2023-02-16 17:12:54:371,0
2023-02-16 17:12:54:381,0
2023-02-16 17:12:54:391,0
2023-02-16 17:12:54:401,0
2023-02-16 17:12:54:411,0
2023-02-16 17:12:54:421,0
2023-02-16 17:12:54:431,0
2023-02-16 17:12:54:441,0
2023-02-16 17:12:54:451,0
2023-02-16 17:12:54:461,0
2023-02-16 17:12:54:471,0
2023-02-16 17:12:54:481,0
2023-02-16 17:12:54:491,0
2023-02-16 17:12:54:501,0
2023-02-16 17:12:54:511,0
2023-02-16 17:12:54:521,0
2023-02-16 17:12:54:531,0
2023-02-16 17:12:54:541,0
2023-02-16 17:12:54:551,0
2023-02-16 17:12:54:561,0
2023-02-16 17:12:54:571,0
2023-02-16 17:12:54:581,0
2023-02-16 17:12:54:591,0
2023-02-16 17:12:54:601,0
2023-02-16 17:12:54:611,0
2023-02-16 17:12:54:621,0
2023-02-16 17:12:54:631,0
2023-02-16 17:12:54:641,0
2023-02-16 17:12:54:651,0
2023-02-16 17:12:54:661,0
2023-02-16 17:12:54:671,0
2023-02-16 17:12:54:681,0
2023-02-16 17:12:54:691,0
2023-02-16 17:12:54:701,0
2023-02-16 17:12:54:711,0
2023-02-16 17:12:54:721,0
2023-02-16 17:12:54:731,0
2023-02-16 17:12:54:741,0
2023-02-16 17:12:54:751,0
2023-02-16 17:12:54:761,0
2023-02-16 17:12:54:771,0
2023-02-16 17:12:54:781,0
2023-02-16 17:12:54:791,0
2023-02-16 17:12:54:801,0
2023-02-16 17:12:54:811,0
2023-02-16 17:12:54:821,0
2023-02-16 17:12:54:831,0
2023-02-16 17:12:54:841,0
2023-02-16 17:12:54:851,0
2023-02-16 17:12:54:861,0
2023-02-16 17:12:54:871,0
2023-02-16 17:12:54:881,0
2023-02-16 17:12:54:891,0
2023-02-16 17:12:54:901,0
2023-02-16 17:12:54:911,0
2023-02-16 17:12:54:921,0
2023-02-16 17:12:54:931,0
2023-02-16 17:12:54:941,0
2023-02-16 17:12:54:951,0
2023-02-16 17:12:54:961,0
2023-02-16 17:12:54:971,0
2023-02-16 17:12:54:981,0
2023-02-16 17:12:54:991,0
2023-02-16 17:12:55:1,0
2023-02-16 17:12:55:11,0
2023-02-16 17:12:55:21,0
2023-02-16 17:12:55:31,0
2023-02-16 17:12:55:41,0
2023-02-16 17:12:55:51,0
2023-02-16 17:12:55:61,0
2023-02-16 17:12:55:71,0
2023-02-16 17:12:55:81,0
2023-02-16 17:12:55:91,0
2023-02-16 17:12:55:101,0
2023-02-16 17:12:55:111,0
2023-02-16 17:12:55:121,0
2023-02-16 17:12:55:131,0
2023-02-16 17:12:55:141,0
2023-02-16 17:12:55:151,0
2023-02-16 17:12:55:161,0
2023-02-16 17:12:55:171,0
2023-02-16 17:12:55:181,0
2023-02-16 17:12:55:191,0
2023-02-16 17:12:55:201,0
2023-02-16 17:12:55:211,0
2023-02-16 17:12:55:221,0
2023-02-16 17:12:55:231,0
2023-02-16 17:12:55:241,0
2023-02-16 17:12:55:251,0
2023-02-16 17:12:55:261,0
2023-02-16 17:12:55:271,0
2023-02-16 17:12:55:281,0
2023-02-16 17:12:55:291,0
2023-02-16 17:12:55:301,0
2023-02-16 17:12:55:311,0
2023-02-16 17:12:55:321,0
2023-02-16 17:12:55:331,0
2023-02-16 17:12:55:341,0
2023-02-16 17:12:55:351,0
2023-02-16 17:12:55:361,0
2023-02-16 17:12:55:371,0
2023-02-16 17:12:55:381,0
2023-02-16 17:12:55:391,0
2023-02-16 17:12:55:401,0
2023-02-16 17:12:55:411,0
2023-02-16 17:12:55:421,0
2023-02-16 17:12:55:431,0
2023-02-16 17:12:55:441,0
2023-02-16 17:12:55:451,0
2023-02-16 17:12:55:461,0
2023-02-16 17:12:55:471,0
2023-02-16 17:12:55:481,0
2023-02-16 17:12:55:491,0
2023-02-16 17:12:55:501,0
2023-02-16 17:12:55:511,0
2023-02-16 17:12:55:521,0
2023-02-16 17:12:55:531,0
2023-02-16 17:12:55:541,0
2023-02-16 17:12:55:551,0
2023-02-16 17:12:55:561,0
2023-02-16 17:12:55:571,0
2023-02-16 17:12:55:581,0
2023-02-16 17:12:55:591,0
2023-02-16 17:12:55:601,0
2023-02-16 17:12:55:611,0
2023-02-16 17:12:55:621,0
2023-02-16 17:12:55:631,0
2023-02-16 17:12:55:641,0
2023-02-16 17:12:55:651,0
2023-02-16 17:12:55:661,0
2023-02-16 17:12:55:671,0
2023-02-16 17:12:55:681,0
2023-02-16 17:12:55:691,0
2023-02-16 17:12:55:701,0
2023-02-16 17:12:55:711,0
2023-02-16 17:12:55:721,0
2023-02-16 17:12:55:731,0
2023-02-16 17:12:55:741,0
2023-02-16 17:12:55:751,0
2023-02-16 17:12:55:761,0
2023-02-16 17:12:55:771,0
2023-02-16 17:12:55:781,0
2023-02-16 17:12:55:791,0
2023-02-16 17:12:55:801,0
2023-02-16 17:12:55:811,0
2023-02-16 17:12:55:821,0
2023-02-16 17:12:55:831,0
2023-02-16 17:12:55:841,0
2023-02-16 17:12:55:851,0
2023-02-16 17:12:55:861,0
2023-02-16 17:12:55:871,0
2023-02-16 17:12:55:881,0
2023-02-16 17:12:55:891,0
2023-02-16 17:12:55:901,0
2023-02-16 17:12:55:911,0
2023-02-16 17:12:55:921,0
2023-02-16 17:12:55:931,0
2023-02-16 17:12:55:941,0
2023-02-16 17:12:55:951,0
2023-02-16 17:12:55:961,0
2023-02-16 17:12:55:971,0
2023-02-16 17:12:55:981,0
2023-02-16 17:12:55:991,0
2023-02-16 17:12:56:1,0
2023-02-16 17:12:56:11,0
2023-02-16 17:12:56:21,0
2023-02-16 17:12:56:31,0
2023-02-16 17:12:56:41,0
2023-02-16 17:12:56:51,0
2023-02-16 17:12:56:61,0
2023-02-16 17:12:56:71,0
2023-02-16 17:12:56:81,0
2023-02-16 17:12:56:91,0
2023-02-16 17:12:56:101,0
2023-02-16 17:12:56:111,0
2023-02-16 17:12:56:121,0
2023-02-16 17:12:56:131,0
2023-02-16 17:12:56:141,0
2023-02-16 17:12:56:151,0
2023-02-16 17:12:56:161,0
2023-02-16 17:12:56:171,0
2023-02-16 17:12:56:181,0
2023-02-16 17:12:56:191,0
2023-02-16 17:12:56:201,0
2023-02-16 17:12:56:211,0
2023-02-16 17:12:56:221,0
2023-02-16 17:12:56:231,0
2023-02-16 17:12:56:241,0
2023-02-16 17:12:56:251,0
2023-02-16 17:12:56:261,0
2023-02-16 17:12:56:271,0
2023-02-16 17:12:56:281,0
2023-02-16 17:12:56:291,0
2023-02-16 17:12:56:301,0
2023-02-16 17:12:56:311,0
2023-02-16 17:12:56:321,0
2023-02-16 17:12:56:331,0
2023-02-16 17:12:56:341,0
2023-02-16 17:12:56:351,0
2023-02-16 17:12:56:361,0
2023-02-16 17:12:56:371,0
2023-02-16 17:12:56:381,0
2023-02-16 17:12:56:391,0
2023-02-16 17:12:56:401,0
2023-02-16 17:12:56:411,0
2023-02-16 17:12:56:421,0
2023-02-16 17:12:56:431,0
2023-02-16 17:12:56:441,0
2023-02-16 17:12:56:451,0
2023-02-16 17:12:56:461,0
2023-02-16 17:12:56:471,0
2023-02-16 17:12:56:481,0
2023-02-16 17:12:56:491,0
2023-02-16 17:12:56:501,0
2023-02-16 17:12:56:511,0
2023-02-16 17:12:56:521,0
2023-02-16 17:12:56:531,0
2023-02-16 17:12:56:541,0
2023-02-16 17:12:56:551,0
2023-02-16 17:12:56:561,0
2023-02-16 17:12:56:571,0
2023-02-16 17:12:56:581,0
2023-02-16 17:12:56:591,0
2023-02-16 17:12:56:601,0
2023-02-16 17:12:56:611,0
2023-02-16 17:12:56:621,0
2023-02-16 17:12:56:631,0
2023-02-16 17:12:56:641,0
2023-02-16 17:12:56:651,0
2023-02-16 17:12:56:661,0
2023-02-16 17:12:56:671,0
2023-02-16 17:12:56:681,0
2023-02-16 17:12:56:691,0
2023-02-16 17:12:56:701,0
2023-02-16 17:12:56:711,0
2023-02-16 17:12:56:721,0
2023-02-16 17:12:56:731,0
2023-02-16 17:12:56:741,0
2023-02-16 17:12:56:751,0
2023-02-16 17:12:56:761,0
2023-02-16 17:12:56:771,0
2023-02-16 17:12:56:781,0
2023-02-16 17:12:56:791,0
2023-02-16 17:12:56:801,0
2023-02-16 17:12:56:811,0
2023-02-16 17:12:56:821,0
2023-02-16 17:12:56:831,0
2023-02-16 17:12:56:841,0
2023-02-16 17:12:56:851,0
2023-02-16 17:12:56:861,0
2023-02-16 17:12:56:871,0
2023-02-16 17:12:56:881,0
2023-02-16 17:12:56:891,0
2023-02-16 17:12:56:901,0
2023-02-16 17:12:56:911,0
2023-02-16 17:12:56:921,0
2023-02-16 17:12:56:931,0
2023-02-16 17:12:56:941,0
2023-02-16 17:12:56:951,0
2023-02-16 17:12:56:961,0
2023-02-16 17:12:56:971,0
2023-02-16 17:12:56:981,0
2023-02-16 17:12:56:991,0
2023-02-16 17:12:57:1,0
2023-02-16 17:12:57:11,0
2023-02-16 17:12:57:21,0
2023-02-16 17:12:57:31,0
2023-02-16 17:12:57:41,0
2023-02-16 17:12:57:51,0
2023-02-16 17:12:57:61,0
2023-02-16 17:12:57:71,0
2023-02-16 17:12:57:81,0
2023-02-16 17:12:57:91,0
2023-02-16 17:12:57:101,0
2023-02-16 17:12:57:111,0
2023-02-16 17:12:57:121,0
2023-02-16 17:12:57:131,0
2023-02-16 17:12:57:141,0
2023-02-16 17:12:57:151,0
2023-02-16 17:12:57:161,0
2023-02-16 17:12:57:171,0
2023-02-16 17:12:57:181,0
2023-02-16 17:12:57:191,0
2023-02-16 17:12:57:201,0
2023-02-16 17:12:57:211,0
2023-02-16 17:12:57:221,0
2023-02-16 17:12:57:231,0
2023-02-16 17:12:57:241,0
2023-02-16 17:12:57:251,0
2023-02-16 17:12:57:261,0
2023-02-16 17:12:57:271,0
2023-02-16 17:12:57:281,0
2023-02-16 17:12:57:291,0
2023-02-16 17:12:57:301,0
2023-02-16 17:12:57:311,0
2023-02-16 17:12:57:321,0
2023-02-16 17:12:57:331,0
2023-02-16 17:12:57:341,0
2023-02-16 17:12:57:351,0
2023-02-16 17:12:57:361,0
2023-02-16 17:12:57:371,0
2023-02-16 17:12:57:381,0
2023-02-16 17:12:57:391,0
2023-02-16 17:12:57:401,0
2023-02-16 17:12:57:411,0
2023-02-16 17:12:57:421,0
2023-02-16 17:12:57:431,0
2023-02-16 17:12:57:441,0
2023-02-16 17:12:57:451,0
2023-02-16 17:12:57:461,0
2023-02-16 17:12:57:471,0
2023-02-16 17:12:57:481,0
2023-02-16 17:12:57:491,0
2023-02-16 17:12:57:501,0
2023-02-16 17:12:57:511,0
2023-02-16 17:12:57:521,0
2023-02-16 17:12:57:531,0
2023-02-16 17:12:57:541,0
2023-02-16 17:12:57:551,0
2023-02-16 17:12:57:561,0
2023-02-16 17:12:57:571,0
2023-02-16 17:12:57:581,0
2023-02-16 17:12:57:591,0
2023-02-16 17:12:57:601,0
2023-02-16 17:12:57:611,0
2023-02-16 17:12:57:621,0
2023-02-16 17:12:57:631,0
2023-02-16 17:12:57:641,0
2023-02-16 17:12:57:651,0
2023-02-16 17:12:57:661,0
2023-02-16 17:12:57:671,0
2023-02-16 17:12:57:681,0
2023-02-16 17:12:57:691,0
2023-02-16 17:12:57:701,0
2023-02-16 17:12:57:711,0
2023-02-16 17:12:57:721,0
2023-02-16 17:12:57:731,0
2023-02-16 17:12:57:741,0
2023-02-16 17:12:57:751,0
2023-02-16 17:12:57:761,0
2023-02-16 17:12:57:771,0
2023-02-16 17:12:57:781,0
2023-02-16 17:12:57:791,0
2023-02-16 17:12:57:801,0
2023-02-16 17:12:57:811,0
2023-02-16 17:12:57:821,0
2023-02-16 17:12:57:831,0
2023-02-16 17:12:57:841,0
2023-02-16 17:12:57:851,0
2023-02-16 17:12:57:861,0
2023-02-16 17:12:57:871,0
2023-02-16 17:12:57:881,0
2023-02-16 17:12:57:891,0
2023-02-16 17:12:57:901,0
2023-02-16 17:12:57:911,0
2023-02-16 17:12:57:921,0
2023-02-16 17:12:57:931,0
2023-02-16 17:12:57:941,0
2023-02-16 17:12:57:951,0
2023-02-16 17:12:57:961,0
2023-02-16 17:12:57:971,0
2023-02-16 17:12:57:981,0
2023-02-16 17:12:57:991,0
2023-02-16 17:12:58:1,0
2023-02-16 17:12:58:11,0
2023-02-16 17:12:58:21,0
2023-02-16 17:12:58:31,0
2023-02-16 17:12:58:41,0
2023-02-16 17:12:58:51,0
2023-02-16 17:12:58:61,0
2023-02-16 17:12:58:71,0
2023-02-16 17:12:58:81,0
2023-02-16 17:12:58:91,0
2023-02-16 17:12:58:101,0
2023-02-16 17:12:58:111,0
2023-02-16 17:12:58:121,0
2023-02-16 17:12:58:131,0
2023-02-16 17:12:58:141,0
2023-02-16 17:12:58:151,0
2023-02-16 17:12:58:161,0
2023-02-16 17:12:58:171,0
2023-02-16 17:12:58:181,0
2023-02-16 17:12:58:191,0
2023-02-16 17:12:58:201,0
2023-02-16 17:12:58:211,0
2023-02-16 17:12:58:221,0
2023-02-16 17:12:58:231,0
2023-02-16 17:12:58:241,0
2023-02-16 17:12:58:251,0
2023-02-16 17:12:58:261,0
2023-02-16 17:12:58:271,0
2023-02-16 17:12:58:281,0
2023-02-16 17:12:58:291,0
2023-02-16 17:12:58:301,0
2023-02-16 17:12:58:311,0
2023-02-16 17:12:58:321,0
2023-02-16 17:12:58:331,0
2023-02-16 17:12:58:341,0
2023-02-16 17:12:58:351,0
2023-02-16 17:12:58:361,0
2023-02-16 17:12:58:371,0
2023-02-16 17:12:58:381,0
2023-02-16 17:12:58:391,0
2023-02-16 17:12:58:401,0
2023-02-16 17:12:58:411,0
2023-02-16 17:12:58:421,0
2023-02-16 17:12:58:431,0
2023-02-16 17:12:58:441,0
2023-02-16 17:12:58:451,0
2023-02-16 17:12:58:461,0
2023-02-16 17:12:58:471,0
2023-02-16 17:12:58:481,0
2023-02-16 17:12:58:491,0
2023-02-16 17:12:58:501,0
2023-02-16 17:12:58:511,0
2023-02-16 17:12:58:521,0
2023-02-16 17:12:58:531,0
2023-02-16 17:12:58:541,0
2023-02-16 17:12:58:551,0
2023-02-16 17:12:58:561,0
2023-02-16 17:12:58:571,0
2023-02-16 17:12:58:581,0
2023-02-16 17:12:58:591,0
2023-02-16 17:12:58:601,0
2023-02-16 17:12:58:611,0
2023-02-16 17:12:58:621,0
2023-02-16 17:12:58:631,0
2023-02-16 17:12:58:641,0
2023-02-16 17:12:58:651,0
2023-02-16 17:12:58:661,0
2023-02-16 17:12:58:671,0
2023-02-16 17:12:58:681,0
2023-02-16 17:12:58:691,0
2023-02-16 17:12:58:701,0
2023-02-16 17:12:58:711,0
2023-02-16 17:12:58:721,0
2023-02-16 17:12:58:731,0
2023-02-16 17:12:58:741,0
2023-02-16 17:12:58:751,0
2023-02-16 17:12:58:761,0
2023-02-16 17:12:58:771,0
2023-02-16 17:12:58:781,0
2023-02-16 17:12:58:791,0
2023-02-16 17:12:58:801,0
2023-02-16 17:12:58:811,0
2023-02-16 17:12:58:821,0
2023-02-16 17:12:58:831,0
2023-02-16 17:12:58:841,0
2023-02-16 17:12:58:851,0
2023-02-16 17:12:58:861,0
2023-02-16 17:12:58:871,0
2023-02-16 17:12:58:881,0
2023-02-16 17:12:58:891,0
2023-02-16 17:12:58:901,0
2023-02-16 17:12:58:911,0
2023-02-16 17:12:58:921,0
2023-02-16 17:12:58:931,0
2023-02-16 17:12:58:941,0
2023-02-16 17:12:58:951,0
2023-02-16 17:12:58:961,0
2023-02-16 17:12:58:971,0
2023-02-16 17:12:58:981,0
2023-02-16 17:12:58:991,0
2023-02-16 17:12:59:1,0
2023-02-16 17:12:59:11,0
2023-02-16 17:12:59:21,0
2023-02-16 17:12:59:31,0
2023-02-16 17:12:59:41,0
2023-02-16 17:12:59:51,0
2023-02-16 17:12:59:61,0
2023-02-16 17:12:59:71,0
2023-02-16 17:12:59:81,0
2023-02-16 17:12:59:91,0
2023-02-16 17:12:59:101,0
2023-02-16 17:12:59:111,0
2023-02-16 17:12:59:121,0
2023-02-16 17:12:59:131,0
2023-02-16 17:12:59:141,0
2023-02-16 17:12:59:151,0
2023-02-16 17:12:59:161,0
2023-02-16 17:12:59:171,0
2023-02-16 17:12:59:181,0
2023-02-16 17:12:59:191,0
2023-02-16 17:12:59:201,0
2023-02-16 17:12:59:211,0
2023-02-16 17:12:59:221,0
2023-02-16 17:12:59:231,0
2023-02-16 17:12:59:241,0
2023-02-16 17:12:59:251,0
2023-02-16 17:12:59:261,0
2023-02-16 17:12:59:271,0
2023-02-16 17:12:59:281,0
2023-02-16 17:12:59:291,0
2023-02-16 17:12:59:301,0
2023-02-16 17:12:59:311,0
2023-02-16 17:12:59:321,0
2023-02-16 17:12:59:331,0
2023-02-16 17:12:59:341,0
2023-02-16 17:12:59:351,0
2023-02-16 17:12:59:361,0
2023-02-16 17:12:59:371,0
2023-02-16 17:12:59:381,0
2023-02-16 17:12:59:391,0
2023-02-16 17:12:59:401,0
2023-02-16 17:12:59:411,0
2023-02-16 17:12:59:421,0
2023-02-16 17:12:59:431,0
2023-02-16 17:12:59:441,0
2023-02-16 17:12:59:451,0
2023-02-16 17:12:59:461,0
2023-02-16 17:12:59:471,0
2023-02-16 17:12:59:481,0
2023-02-16 17:12:59:491,0
2023-02-16 17:12:59:501,0
2023-02-16 17:12:59:511,0
2023-02-16 17:12:59:521,0
2023-02-16 17:12:59:531,0
2023-02-16 17:12:59:541,0
2023-02-16 17:12:59:551,0
2023-02-16 17:12:59:561,0
2023-02-16 17:12:59:571,0
2023-02-16 17:12:59:581,0
2023-02-16 17:12:59:591,0
2023-02-16 17:12:59:601,0
2023-02-16 17:12:59:611,0
2023-02-16 17:12:59:621,0
2023-02-16 17:12:59:631,0
2023-02-16 17:12:59:641,0
2023-02-16 17:12:59:651,0
2023-02-16 17:12:59:661,0
2023-02-16 17:12:59:671,0
2023-02-16 17:12:59:681,0
2023-02-16 17:12:59:691,0
2023-02-16 17:12:59:701,0
2023-02-16 17:12:59:711,0
2023-02-16 17:12:59:721,0
2023-02-16 17:12:59:731,0
2023-02-16 17:12:59:741,0
2023-02-16 17:12:59:751,0
2023-02-16 17:12:59:761,0
2023-02-16 17:12:59:771,0
2023-02-16 17:12:59:781,0
2023-02-16 17:12:59:791,0
2023-02-16 17:12:59:801,0
2023-02-16 17:12:59:811,0
2023-02-16 17:12:59:821,0
2023-02-16 17:12:59:831,0
2023-02-16 17:12:59:841,0
2023-02-16 17:12:59:851,0
2023-02-16 17:12:59:861,0
2023-02-16 17:12:59:871,0
2023-02-16 17:12:59:881,0
2023-02-16 17:12:59:891,0
2023-02-16 17:12:59:901,0
2023-02-16 17:12:59:911,0
2023-02-16 17:12:59:921,0
2023-02-16 17:12:59:931,0
2023-02-16 17:12:59:941,0
2023-02-16 17:12:59:951,0
2023-02-16 17:12:59:961,0
2023-02-16 17:12:59:971,0
2023-02-16 17:12:59:981,0
2023-02-16 17:12:59:991,0
2023-02-16 17:13:00:1,0
2023-02-16 17:13:00:11,0
2023-02-16 17:13:00:21,0
2023-02-16 17:13:00:31,0
2023-02-16 17:13:00:41,0
2023-02-16 17:13:00:51,0
2023-02-16 17:13:00:61,0
2023-02-16 17:13:00:71,0
2023-02-16 17:13:00:81,0
2023-02-16 17:13:00:91,0
2023-02-16 17:13:00:101,0
2023-02-16 17:13:00:111,0
2023-02-16 17:13:00:121,0
2023-02-16 17:13:00:131,0
2023-02-16 17:13:00:141,0
2023-02-16 17:13:00:151,0
2023-02-16 17:13:00:161,0
2023-02-16 17:13:00:171,0
2023-02-16 17:13:00:181,0
2023-02-16 17:13:00:191,0
2023-02-16 17:13:00:201,0
2023-02-16 17:13:00:211,0
2023-02-16 17:13:00:221,0
2023-02-16 17:13:00:231,0
2023-02-16 17:13:00:241,0
2023-02-16 17:13:00:251,0
2023-02-16 17:13:00:261,0
2023-02-16 17:13:00:271,0
2023-02-16 17:13:00:281,0
2023-02-16 17:13:00:291,0
2023-02-16 17:13:00:301,0
2023-02-16 17:13:00:311,0
2023-02-16 17:13:00:321,0
2023-02-16 17:13:00:331,0
2023-02-16 17:13:00:341,0
2023-02-16 17:13:00:351,0
2023-02-16 17:13:00:361,0
2023-02-16 17:13:00:371,0
2023-02-16 17:13:00:381,0
2023-02-16 17:13:00:391,0
2023-02-16 17:13:00:401,0
2023-02-16 17:13:00:411,0
2023-02-16 17:13:00:421,0
2023-02-16 17:13:00:431,0
2023-02-16 17:13:00:441,0
2023-02-16 17:13:00:451,0
2023-02-16 17:13:00:461,0
2023-02-16 17:13:00:471,0
2023-02-16 17:13:00:481,0
2023-02-16 17:13:00:491,0
2023-02-16 17:13:00:501,0
2023-02-16 17:13:00:511,0
2023-02-16 17:13:00:521,0
2023-02-16 17:13:00:531,0
2023-02-16 17:13:00:541,0
2023-02-16 17:13:00:551,0
2023-02-16 17:13:00:561,0
2023-02-16 17:13:00:571,0
2023-02-16 17:13:00:581,0
2023-02-16 17:13:00:591,0
2023-02-16 17:13:00:601,0
2023-02-16 17:13:00:611,0
2023-02-16 17:13:00:621,0
2023-02-16 17:13:00:631,0
2023-02-16 17:13:00:641,0
2023-02-16 17:13:00:651,0
2023-02-16 17:13:00:661,0
2023-02-16 17:13:00:671,0
2023-02-16 17:13:00:681,0
2023-02-16 17:13:00:691,0
2023-02-16 17:13:00:701,0
2023-02-16 17:13:00:711,0
2023-02-16 17:13:00:721,0
2023-02-16 17:13:00:731,0
2023-02-16 17:13:00:741,0
2023-02-16 17:13:00:751,0
2023-02-16 17:13:00:761,0
2023-02-16 17:13:00:771,0
2023-02-16 17:13:00:781,0
2023-02-16 17:13:00:791,0
2023-02-16 17:13:00:801,0
2023-02-16 17:13:00:811,0
2023-02-16 17:13:00:821,0
2023-02-16 17:13:00:831,0
2023-02-16 17:13:00:841,0
2023-02-16 17:13:00:851,0
2023-02-16 17:13:00:861,0
2023-02-16 17:13:00:871,0
2023-02-16 17:13:00:881,0
2023-02-16 17:13:00:891,0
2023-02-16 17:13:00:901,0
2023-02-16 17:13:00:911,0
2023-02-16 17:13:00:921,0
2023-02-16 17:13:00:931,0
2023-02-16 17:13:00:941,0
2023-02-16 17:13:00:951,0
2023-02-16 17:13:00:961,0
2023-02-16 17:13:00:971,0
2023-02-16 17:13:00:981,0
2023-02-16 17:13:00:991,0
2023-02-16 17:13:01:1,0
2023-02-16 17:13:01:11,0
2023-02-16 17:13:01:21,0
2023-02-16 17:13:01:31,0
2023-02-16 17:13:01:41,0
2023-02-16 17:13:01:51,0
2023-02-16 17:13:01:61,0
2023-02-16 17:13:01:71,0
2023-02-16 17:13:01:81,0
2023-02-16 17:13:01:91,0
2023-02-16 17:13:01:101,0
2023-02-16 17:13:01:111,0
2023-02-16 17:13:01:121,0
2023-02-16 17:13:01:131,0
2023-02-16 17:13:01:141,0
2023-02-16 17:13:01:151,0
2023-02-16 17:13:01:161,0
2023-02-16 17:13:01:171,0
2023-02-16 17:13:01:181,0
2023-02-16 17:13:01:191,0
2023-02-16 17:13:01:201,0
2023-02-16 17:13:01:211,0
2023-02-16 17:13:01:221,0
2023-02-16 17:13:01:231,0
2023-02-16 17:13:01:241,0
2023-02-16 17:13:01:251,0
2023-02-16 17:13:01:261,0
2023-02-16 17:13:01:271,0
2023-02-16 17:13:01:281,0
2023-02-16 17:13:01:291,0
2023-02-16 17:13:01:301,0
2023-02-16 17:13:01:311,0
2023-02-16 17:13:01:321,0
2023-02-16 17:13:01:331,0
2023-02-16 17:13:01:341,0
2023-02-16 17:13:01:351,0
2023-02-16 17:13:01:361,0
2023-02-16 17:13:01:371,0
2023-02-16 17:13:01:381,0
2023-02-16 17:13:01:391,0
2023-02-16 17:13:01:401,0
2023-02-16 17:13:01:411,0
2023-02-16 17:13:01:421,0
2023-02-16 17:13:01:431,0
2023-02-16 17:13:01:441,0
2023-02-16 17:13:01:451,0
2023-02-16 17:13:01:461,0
2023-02-16 17:13:01:471,0
2023-02-16 17:13:01:481,0
2023-02-16 17:13:01:491,0
2023-02-16 17:13:01:501,0
2023-02-16 17:13:01:511,0
2023-02-16 17:13:01:521,0
2023-02-16 17:13:01:531,0
2023-02-16 17:13:01:541,0
2023-02-16 17:13:01:551,0
2023-02-16 17:13:01:561,0
2023-02-16 17:13:01:571,0
2023-02-16 17:13:01:581,0
2023-02-16 17:13:01:591,0
2023-02-16 17:13:01:601,0
2023-02-16 17:13:01:611,0
2023-02-16 17:13:01:621,0
2023-02-16 17:13:01:631,0
2023-02-16 17:13:01:641,0
2023-02-16 17:13:01:651,0
2023-02-16 17:13:01:661,0
2023-02-16 17:13:01:671,0
2023-02-16 17:13:01:681,0
2023-02-16 17:13:01:691,0
2023-02-16 17:13:01:701,0
2023-02-16 17:13:01:711,0
2023-02-16 17:13:01:721,0
2023-02-16 17:13:01:731,0
2023-02-16 17:13:01:741,0
2023-02-16 17:13:01:751,0
2023-02-16 17:13:01:761,0
2023-02-16 17:13:01:771,0
2023-02-16 17:13:01:781,0
2023-02-16 17:13:01:791,0
2023-02-16 17:13:01:801,0
2023-02-16 17:13:01:811,0
2023-02-16 17:13:01:821,0
2023-02-16 17:13:01:831,0
2023-02-16 17:13:01:841,0
2023-02-16 17:13:01:851,0
2023-02-16 17:13:01:861,0
2023-02-16 17:13:01:871,0
2023-02-16 17:13:01:881,0
2023-02-16 17:13:01:891,0
2023-02-16 17:13:01:901,0
2023-02-16 17:13:01:911,0
2023-02-16 17:13:01:921,0
2023-02-16 17:13:01:931,0
2023-02-16 17:13:01:941,0
2023-02-16 17:13:01:951,0
2023-02-16 17:13:01:961,0
2023-02-16 17:13:01:971,0
2023-02-16 17:13:01:981,0
2023-02-16 17:13:01:991,0
2023-02-16 17:13:02:1,0
2023-02-16 17:13:02:11,0
2023-02-16 17:13:02:21,0
2023-02-16 17:13:02:31,0
2023-02-16 17:13:02:41,0
2023-02-16 17:13:02:51,0
2023-02-16 17:13:02:61,0
2023-02-16 17:13:02:71,0
2023-02-16 17:13:02:81,0
2023-02-16 17:13:02:91,0
2023-02-16 17:13:02:101,0
2023-02-16 17:13:02:111,0
2023-02-16 17:13:02:121,0
2023-02-16 17:13:02:131,0
2023-02-16 17:13:02:141,0
2023-02-16 17:13:02:151,0
2023-02-16 17:13:02:161,0
2023-02-16 17:13:02:171,0
2023-02-16 17:13:02:181,0
2023-02-16 17:13:02:191,0
2023-02-16 17:13:02:201,0
2023-02-16 17:13:02:211,0
2023-02-16 17:13:02:221,0
2023-02-16 17:13:02:231,0
2023-02-16 17:13:02:241,0
2023-02-16 17:13:02:251,0
2023-02-16 17:13:02:261,0
2023-02-16 17:13:02:271,0
2023-02-16 17:13:02:281,0
2023-02-16 17:13:02:291,0
2023-02-16 17:13:02:301,0
2023-02-16 17:13:02:311,0
2023-02-16 17:13:02:321,0
2023-02-16 17:13:02:331,0
2023-02-16 17:13:02:341,0
2023-02-16 17:13:02:351,0
2023-02-16 17:13:02:361,0
2023-02-16 17:13:02:371,0
2023-02-16 17:13:02:381,0
2023-02-16 17:13:02:391,0
2023-02-16 17:13:02:401,0
2023-02-16 17:13:02:411,0
2023-02-16 17:13:02:421,0
2023-02-16 17:13:02:431,0
2023-02-16 17:13:02:441,0
2023-02-16 17:13:02:451,0
2023-02-16 17:13:02:461,0
2023-02-16 17:13:02:471,0
2023-02-16 17:13:02:481,0
2023-02-16 17:13:02:491,0
2023-02-16 17:13:02:501,0
2023-02-16 17:13:02:511,0
2023-02-16 17:13:02:521,0
2023-02-16 17:13:02:531,0
2023-02-16 17:13:02:541,0
2023-02-16 17:13:02:551,0
2023-02-16 17:13:02:561,0
2023-02-16 17:13:02:571,0
2023-02-16 17:13:02:581,0
2023-02-16 17:13:02:591,0
2023-02-16 17:13:02:601,0
2023-02-16 17:13:02:611,0
2023-02-16 17:13:02:621,0
2023-02-16 17:13:02:631,0
2023-02-16 17:13:02:641,0
2023-02-16 17:13:02:651,0
2023-02-16 17:13:02:661,0
2023-02-16 17:13:02:671,0
2023-02-16 17:13:02:681,0
2023-02-16 17:13:02:691,0
2023-02-16 17:13:02:701,0
2023-02-16 17:13:02:711,0
2023-02-16 17:13:02:721,0
2023-02-16 17:13:02:731,0
2023-02-16 17:13:02:741,0
2023-02-16 17:13:02:751,0
2023-02-16 17:13:02:761,0
2023-02-16 17:13:02:771,0
2023-02-16 17:13:02:781,0
2023-02-16 17:13:02:791,0
2023-02-16 17:13:02:801,0
2023-02-16 17:13:02:811,0
2023-02-16 17:13:02:821,0
2023-02-16 17:13:02:831,0
2023-02-16 17:13:02:841,0
2023-02-16 17:13:02:851,0
2023-02-16 17:13:02:861,0
2023-02-16 17:13:02:871,0
2023-02-16 17:13:02:881,0
2023-02-16 17:13:02:891,0
2023-02-16 17:13:02:901,0
2023-02-16 17:13:02:911,0
2023-02-16 17:13:02:921,0
2023-02-16 17:13:02:931,0
2023-02-16 17:13:02:941,0
2023-02-16 17:13:02:951,0
2023-02-16 17:13:02:961,0
2023-02-16 17:13:02:971,0
2023-02-16 17:13:02:981,0
2023-02-16 17:13:02:991,0
2023-02-16 17:13:03:1,0
2023-02-16 17:13:03:11,0
2023-02-16 17:13:03:21,0
2023-02-16 17:13:03:31,0
2023-02-16 17:13:03:41,0
2023-02-16 17:13:03:51,0
2023-02-16 17:13:03:61,0
2023-02-16 17:13:03:71,0
2023-02-16 17:13:03:81,0
2023-02-16 17:13:03:91,0
2023-02-16 17:13:03:101,0
2023-02-16 17:13:03:111,0
2023-02-16 17:13:03:121,0
2023-02-16 17:13:03:131,0
2023-02-16 17:13:03:141,0
2023-02-16 17:13:03:151,0
2023-02-16 17:13:03:161,0
2023-02-16 17:13:03:171,0
2023-02-16 17:13:03:181,0
2023-02-16 17:13:03:191,0
2023-02-16 17:13:03:201,0
2023-02-16 17:13:03:211,0
2023-02-16 17:13:03:221,0
2023-02-16 17:13:03:231,0
2023-02-16 17:13:03:241,0
2023-02-16 17:13:03:251,0
2023-02-16 17:13:03:261,0
2023-02-16 17:13:03:271,0
2023-02-16 17:13:03:281,0
2023-02-16 17:13:03:291,0
2023-02-16 17:13:03:301,0
2023-02-16 17:13:03:311,0
2023-02-16 17:13:03:321,0
2023-02-16 17:13:03:331,0
2023-02-16 17:13:03:341,0
2023-02-16 17:13:03:351,0
2023-02-16 17:13:03:361,0
2023-02-16 17:13:03:371,0
2023-02-16 17:13:03:381,0
2023-02-16 17:13:03:391,0
2023-02-16 17:13:03:401,0
2023-02-16 17:13:03:411,0
2023-02-16 17:13:03:421,0
2023-02-16 17:13:03:431,0
2023-02-16 17:13:03:441,0
2023-02-16 17:13:03:451,0
2023-02-16 17:13:03:461,0
2023-02-16 17:13:03:471,0
2023-02-16 17:13:03:481,0
2023-02-16 17:13:03:491,0
2023-02-16 17:13:03:501,0
2023-02-16 17:13:03:511,0
2023-02-16 17:13:03:521,0
2023-02-16 17:13:03:531,0
2023-02-16 17:13:03:541,0
2023-02-16 17:13:03:551,0
2023-02-16 17:13:03:561,0
2023-02-16 17:13:03:571,0
2023-02-16 17:13:03:581,0
2023-02-16 17:13:03:591,0
2023-02-16 17:13:03:601,0
2023-02-16 17:13:03:611,0
2023-02-16 17:13:03:621,0
2023-02-16 17:13:03:631,0
2023-02-16 17:13:03:641,0
2023-02-16 17:13:03:651,0
2023-02-16 17:13:03:661,0
2023-02-16 17:13:03:671,0
2023-02-16 17:13:03:681,0
2023-02-16 17:13:03:691,0
2023-02-16 17:13:03:701,0
2023-02-16 17:13:03:711,0
2023-02-16 17:13:03:721,0
2023-02-16 17:13:03:731,0
2023-02-16 17:13:03:741,0
2023-02-16 17:13:03:751,0
2023-02-16 17:13:03:761,0
2023-02-16 17:13:03:771,0
2023-02-16 17:13:03:781,0
2023-02-16 17:13:03:791,0
2023-02-16 17:13:03:801,0
2023-02-16 17:13:03:811,0
2023-02-16 17:13:03:821,0
2023-02-16 17:13:03:831,0
2023-02-16 17:13:03:841,0
2023-02-16 17:13:03:851,0
2023-02-16 17:13:03:861,0
2023-02-16 17:13:03:871,0
2023-02-16 17:13:03:881,0
2023-02-16 17:13:03:891,0
2023-02-16 17:13:03:901,0
2023-02-16 17:13:03:911,0
2023-02-16 17:13:03:921,0
2023-02-16 17:13:03:931,0
2023-02-16 17:13:03:941,0
2023-02-16 17:13:03:951,0
2023-02-16 17:13:03:961,0
2023-02-16 17:13:03:971,0
2023-02-16 17:13:03:981,0
2023-02-16 17:13:03:991,0
2023-02-16 17:13:04:1,0
2023-02-16 17:13:04:11,0
2023-02-16 17:13:04:21,0
2023-02-16 17:13:04:31,0
2023-02-16 17:13:04:41,0
2023-02-16 17:13:04:51,0
2023-02-16 17:13:04:61,0
2023-02-16 17:13:04:71,0
2023-02-16 17:13:04:81,0
2023-02-16 17:13:04:91,0
2023-02-16 17:13:04:101,0
2023-02-16 17:13:04:111,0
2023-02-16 17:13:04:121,0
2023-02-16 17:13:04:131,0
2023-02-16 17:13:04:141,0
2023-02-16 17:13:04:151,0
2023-02-16 17:13:04:161,0
2023-02-16 17:13:04:171,0
2023-02-16 17:13:04:181,0
2023-02-16 17:13:04:191,0
2023-02-16 17:13:04:201,0
2023-02-16 17:13:04:211,0
2023-02-16 17:13:04:221,0
2023-02-16 17:13:04:231,0
2023-02-16 17:13:04:241,0
2023-02-16 17:13:04:251,0
2023-02-16 17:13:04:261,0
2023-02-16 17:13:04:271,0
2023-02-16 17:13:04:281,0
2023-02-16 17:13:04:291,0
2023-02-16 17:13:04:301,0
2023-02-16 17:13:04:311,0
2023-02-16 17:13:04:321,0
2023-02-16 17:13:04:331,0
2023-02-16 17:13:04:341,0
2023-02-16 17:13:04:351,0
2023-02-16 17:13:04:361,0
2023-02-16 17:13:04:371,0
2023-02-16 17:13:04:381,0
2023-02-16 17:13:04:391,0
2023-02-16 17:13:04:401,0
2023-02-16 17:13:04:411,0
2023-02-16 17:13:04:421,0
2023-02-16 17:13:04:431,0
2023-02-16 17:13:04:441,0
2023-02-16 17:13:04:451,0
2023-02-16 17:13:04:461,0
2023-02-16 17:13:04:471,0
2023-02-16 17:13:04:481,0
2023-02-16 17:13:04:491,0
2023-02-16 17:13:04:501,0
2023-02-16 17:13:04:511,0
2023-02-16 17:13:04:521,0
2023-02-16 17:13:04:531,0
2023-02-16 17:13:04:541,0
2023-02-16 17:13:04:551,0
2023-02-16 17:13:04:561,0
2023-02-16 17:13:04:571,0
2023-02-16 17:13:04:581,0
2023-02-16 17:13:04:591,0
2023-02-16 17:13:04:601,0
2023-02-16 17:13:04:611,0
2023-02-16 17:13:04:621,0
2023-02-16 17:13:04:631,0
2023-02-16 17:13:04:641,0
2023-02-16 17:13:04:651,0
2023-02-16 17:13:04:661,0
2023-02-16 17:13:04:671,0
2023-02-16 17:13:04:681,0
2023-02-16 17:13:04:691,0
2023-02-16 17:13:04:701,0
2023-02-16 17:13:04:711,0
2023-02-16 17:13:04:721,0
2023-02-16 17:13:04:731,0
2023-02-16 17:13:04:741,0
2023-02-16 17:13:04:751,0
2023-02-16 17:13:04:761,0
2023-02-16 17:13:04:771,0
2023-02-16 17:13:04:781,0
2023-02-16 17:13:04:791,0
2023-02-16 17:13:04:801,0
2023-02-16 17:13:04:811,0
2023-02-16 17:13:04:821,0
2023-02-16 17:13:04:831,0
2023-02-16 17:13:04:841,0
2023-02-16 17:13:04:851,0
2023-02-16 17:13:04:861,0
2023-02-16 17:13:04:871,0
2023-02-16 17:13:04:881,0
2023-02-16 17:13:04:891,0
2023-02-16 17:13:04:901,0
2023-02-16 17:13:04:911,0
2023-02-16 17:13:04:921,0
2023-02-16 17:13:04:931,0
2023-02-16 17:13:04:941,0
2023-02-16 17:13:04:951,0
2023-02-16 17:13:04:961,0
2023-02-16 17:13:04:971,0
2023-02-16 17:13:04:981,0
2023-02-16 17:13:04:991,0
2023-02-16 17:13:05:1,0
2023-02-16 17:13:05:11,0
2023-02-16 17:13:05:21,0
2023-02-16 17:13:05:31,0
2023-02-16 17:13:05:41,0
2023-02-16 17:13:05:51,0
2023-02-16 17:13:05:61,0
2023-02-16 17:13:05:71,0
2023-02-16 17:13:05:81,0
2023-02-16 17:13:05:91,0
2023-02-16 17:13:05:101,0
2023-02-16 17:13:05:111,0
2023-02-16 17:13:05:121,0
2023-02-16 17:13:05:131,0
2023-02-16 17:13:05:141,0
2023-02-16 17:13:05:151,0
2023-02-16 17:13:05:161,0
2023-02-16 17:13:05:171,0
2023-02-16 17:13:05:181,0
2023-02-16 17:13:05:191,0
2023-02-16 17:13:05:201,0
2023-02-16 17:13:05:211,0
2023-02-16 17:13:05:221,0
2023-02-16 17:13:05:231,0
2023-02-16 17:13:05:241,0
2023-02-16 17:13:05:251,0
2023-02-16 17:13:05:261,0
2023-02-16 17:13:05:271,0
2023-02-16 17:13:05:281,0
2023-02-16 17:13:05:291,0
2023-02-16 17:13:05:301,0
2023-02-16 17:13:05:311,0
2023-02-16 17:13:05:321,0
2023-02-16 17:13:05:331,0
2023-02-16 17:13:05:341,0
2023-02-16 17:13:05:351,0
2023-02-16 17:13:05:361,0
2023-02-16 17:13:05:371,0
2023-02-16 17:13:05:381,0
2023-02-16 17:13:05:391,0
2023-02-16 17:13:05:401,0
2023-02-16 17:13:05:411,0
2023-02-16 17:13:05:421,0
2023-02-16 17:13:05:431,0
2023-02-16 17:13:05:441,0
2023-02-16 17:13:05:451,0
2023-02-16 17:13:05:461,0
2023-02-16 17:13:05:471,0
2023-02-16 17:13:05:481,0
2023-02-16 17:13:05:491,0
2023-02-16 17:13:05:501,0
2023-02-16 17:13:05:511,0
2023-02-16 17:13:05:521,0
2023-02-16 17:13:05:531,0
2023-02-16 17:13:05:541,0
2023-02-16 17:13:05:551,0
2023-02-16 17:13:05:561,0
2023-02-16 17:13:05:571,0
2023-02-16 17:13:05:581,0
2023-02-16 17:13:05:591,0
2023-02-16 17:13:05:601,0
2023-02-16 17:13:05:611,0
2023-02-16 17:13:05:621,0
2023-02-16 17:13:05:631,0
2023-02-16 17:13:05:641,0
2023-02-16 17:13:05:651,0
2023-02-16 17:13:05:661,0
2023-02-16 17:13:05:671,0
2023-02-16 17:13:05:681,0
2023-02-16 17:13:05:691,0
2023-02-16 17:13:05:701,0
2023-02-16 17:13:05:711,0
2023-02-16 17:13:05:721,0
2023-02-16 17:13:05:731,0
2023-02-16 17:13:05:741,0
2023-02-16 17:13:05:751,0
2023-02-16 17:13:05:761,0
2023-02-16 17:13:05:771,0
2023-02-16 17:13:05:781,0
2023-02-16 17:13:05:791,0
2023-02-16 17:13:05:801,0
2023-02-16 17:13:05:811,0
2023-02-16 17:13:05:821,0
2023-02-16 17:13:05:831,0
2023-02-16 17:13:05:841,0
2023-02-16 17:13:05:851,0
2023-02-16 17:13:05:861,0
2023-02-16 17:13:05:871,0
2023-02-16 17:13:05:881,0
2023-02-16 17:13:05:891,0
2023-02-16 17:13:05:901,0
2023-02-16 17:13:05:911,0
2023-02-16 17:13:05:921,0
2023-02-16 17:13:05:931,0
2023-02-16 17:13:05:941,0
2023-02-16 17:13:05:951,0
2023-02-16 17:13:05:961,0
2023-02-16 17:13:05:971,0
2023-02-16 17:13:05:981,0
2023-02-16 17:13:05:991,0
2023-02-16 17:13:06:1,0
2023-02-16 17:13:06:11,0
2023-02-16 17:13:06:21,0
2023-02-16 17:13:06:31,0
2023-02-16 17:13:06:41,0
2023-02-16 17:13:06:51,0
2023-02-16 17:13:06:61,0
2023-02-16 17:13:06:71,0
2023-02-16 17:13:06:81,0
2023-02-16 17:13:06:91,0
2023-02-16 17:13:06:101,0
2023-02-16 17:13:06:111,0
2023-02-16 17:13:06:121,0
2023-02-16 17:13:06:131,0
2023-02-16 17:13:06:141,0
2023-02-16 17:13:06:151,0
2023-02-16 17:13:06:161,0
2023-02-16 17:13:06:171,0
2023-02-16 17:13:06:181,0
2023-02-16 17:13:06:191,0
2023-02-16 17:13:06:201,0
2023-02-16 17:13:06:211,0
2023-02-16 17:13:06:221,0
2023-02-16 17:13:06:231,0
2023-02-16 17:13:06:241,0
2023-02-16 17:13:06:251,0
2023-02-16 17:13:06:261,0
2023-02-16 17:13:06:271,0
2023-02-16 17:13:06:281,0
2023-02-16 17:13:06:291,0
2023-02-16 17:13:06:301,0
2023-02-16 17:13:06:311,0
2023-02-16 17:13:06:321,0
2023-02-16 17:13:06:331,0
2023-02-16 17:13:06:341,0
2023-02-16 17:13:06:351,0
2023-02-16 17:13:06:361,0
2023-02-16 17:13:06:371,0
2023-02-16 17:13:06:381,0
2023-02-16 17:13:06:391,0
2023-02-16 17:13:06:401,0
2023-02-16 17:13:06:411,0
2023-02-16 17:13:06:421,0
2023-02-16 17:13:06:431,0
2023-02-16 17:13:06:441,0
2023-02-16 17:13:06:451,0
2023-02-16 17:13:06:461,0
2023-02-16 17:13:06:471,0
2023-02-16 17:13:06:481,0
2023-02-16 17:13:06:491,0
2023-02-16 17:13:06:501,0
2023-02-16 17:13:06:511,0
2023-02-16 17:13:06:521,0
2023-02-16 17:13:06:531,0
2023-02-16 17:13:06:541,0
2023-02-16 17:13:06:551,0
2023-02-16 17:13:06:561,0
2023-02-16 17:13:06:571,0
2023-02-16 17:13:06:581,0
2023-02-16 17:13:06:591,0
2023-02-16 17:13:06:601,0
2023-02-16 17:13:06:611,0
2023-02-16 17:13:06:621,0
2023-02-16 17:13:06:631,0
2023-02-16 17:13:06:641,0
2023-02-16 17:13:06:651,0
2023-02-16 17:13:06:661,0
2023-02-16 17:13:06:671,0
2023-02-16 17:13:06:681,0
2023-02-16 17:13:06:691,0
2023-02-16 17:13:06:701,0
2023-02-16 17:13:06:711,0
2023-02-16 17:13:06:721,0
2023-02-16 17:13:06:732,0
2023-02-16 17:13:06:741,0
2023-02-16 17:13:06:751,0
2023-02-16 17:13:06:761,0
2023-02-16 17:13:06:771,0
2023-02-16 17:13:06:781,0
2023-02-16 17:13:06:791,0
2023-02-16 17:13:06:801,0
2023-02-16 17:13:06:811,0
2023-02-16 17:13:06:821,0
2023-02-16 17:13:06:832,0
2023-02-16 17:13:06:841,0
2023-02-16 17:13:06:851,0
2023-02-16 17:13:06:861,0
2023-02-16 17:13:06:871,0
2023-02-16 17:13:06:881,0
2023-02-16 17:13:06:891,0
2023-02-16 17:13:06:901,0
2023-02-16 17:13:06:911,0
2023-02-16 17:13:06:921,0
2023-02-16 17:13:06:932,0
2023-02-16 17:13:06:941,0
2023-02-16 17:13:06:951,0
2023-02-16 17:13:06:961,0
2023-02-16 17:13:06:971,0
2023-02-16 17:13:06:981,0
2023-02-16 17:13:06:991,0
2023-02-16 17:13:07:1,0
2023-02-16 17:13:07:11,0
2023-02-16 17:13:07:21,0
2023-02-16 17:13:07:31,0
2023-02-16 17:13:07:41,0
2023-02-16 17:13:07:51,0
2023-02-16 17:13:07:61,0
2023-02-16 17:13:07:71,0
2023-02-16 17:13:07:81,0
2023-02-16 17:13:07:91,0
2023-02-16 17:13:07:101,0
2023-02-16 17:13:07:111,0
2023-02-16 17:13:07:121,0
2023-02-16 17:13:07:131,0
2023-02-16 17:13:07:141,0
2023-02-16 17:13:07:151,0
2023-02-16 17:13:07:161,0
2023-02-16 17:13:07:171,0
2023-02-16 17:13:07:181,0
2023-02-16 17:13:07:191,0
2023-02-16 17:13:07:201,0
2023-02-16 17:13:07:211,0
2023-02-16 17:13:07:221,0
2023-02-16 17:13:07:231,0
2023-02-16 17:13:07:241,0
2023-02-16 17:13:07:251,0
2023-02-16 17:13:07:261,0
2023-02-16 17:13:07:271,0
2023-02-16 17:13:07:281,0
2023-02-16 17:13:07:291,0
2023-02-16 17:13:07:301,0
2023-02-16 17:13:07:311,0
2023-02-16 17:13:07:321,0
2023-02-16 17:13:07:331,0
2023-02-16 17:13:07:341,0
2023-02-16 17:13:07:351,0
2023-02-16 17:13:07:361,0
2023-02-16 17:13:07:371,0
2023-02-16 17:13:07:381,0
2023-02-16 17:13:07:391,0
2023-02-16 17:13:07:401,0
2023-02-16 17:13:07:411,0
2023-02-16 17:13:07:421,0
2023-02-16 17:13:07:431,0
2023-02-16 17:13:07:441,0
2023-02-16 17:13:07:451,0
2023-02-16 17:13:07:461,0
2023-02-16 17:13:07:471,0
2023-02-16 17:13:07:481,0
2023-02-16 17:13:07:491,0
2023-02-16 17:13:07:501,0
2023-02-16 17:13:07:511,0
2023-02-16 17:13:07:521,0
2023-02-16 17:13:07:531,0
2023-02-16 17:13:07:541,0
2023-02-16 17:13:07:551,0
2023-02-16 17:13:07:561,0
2023-02-16 17:13:07:571,0
2023-02-16 17:13:07:581,0
2023-02-16 17:13:07:591,0
2023-02-16 17:13:07:601,0
2023-02-16 17:13:07:611,0
2023-02-16 17:13:07:621,0
2023-02-16 17:13:07:631,0
2023-02-16 17:13:07:641,0
2023-02-16 17:13:07:651,0
2023-02-16 17:13:07:661,0
2023-02-16 17:13:07:671,0
2023-02-16 17:13:07:681,0
2023-02-16 17:13:07:691,0
2023-02-16 17:13:07:701,0
2023-02-16 17:13:07:711,0
2023-02-16 17:13:07:721,0
2023-02-16 17:13:07:731,0
2023-02-16 17:13:07:741,0
2023-02-16 17:13:07:751,0
2023-02-16 17:13:07:761,0
2023-02-16 17:13:07:771,0
2023-02-16 17:13:07:781,0
2023-02-16 17:13:07:791,0
2023-02-16 17:13:07:801,0
2023-02-16 17:13:07:811,0
2023-02-16 17:13:07:821,0
2023-02-16 17:13:07:831,0
2023-02-16 17:13:07:841,0
2023-02-16 17:13:07:851,0
2023-02-16 17:13:07:861,0
2023-02-16 17:13:07:871,0
2023-02-16 17:13:07:881,0
2023-02-16 17:13:07:891,0
2023-02-16 17:13:07:901,0
2023-02-16 17:13:07:911,0
2023-02-16 17:13:07:921,0
2023-02-16 17:13:07:931,0
2023-02-16 17:13:07:941,0
2023-02-16 17:13:07:951,0
2023-02-16 17:13:07:961,0
2023-02-16 17:13:07:971,0
2023-02-16 17:13:07:981,0
2023-02-16 17:13:07:991,0
2023-02-16 17:13:08:1,0
2023-02-16 17:13:08:11,0
2023-02-16 17:13:08:21,0
2023-02-16 17:13:08:31,0
2023-02-16 17:13:08:41,0
2023-02-16 17:13:08:51,0
2023-02-16 17:13:08:61,0
2023-02-16 17:13:08:71,0
2023-02-16 17:13:08:81,0
2023-02-16 17:13:08:91,0
2023-02-16 17:13:08:101,0
2023-02-16 17:13:08:111,0
2023-02-16 17:13:08:121,0
2023-02-16 17:13:08:131,0
2023-02-16 17:13:08:141,0
2023-02-16 17:13:08:151,0
2023-02-16 17:13:08:161,0
2023-02-16 17:13:08:172,0
2023-02-16 17:13:08:181,0
2023-02-16 17:13:08:191,0
2023-02-16 17:13:08:201,0
2023-02-16 17:13:08:211,0
2023-02-16 17:13:08:221,0
2023-02-16 17:13:08:231,0
2023-02-16 17:13:08:241,0
2023-02-16 17:13:08:251,0
2023-02-16 17:13:08:261,0
2023-02-16 17:13:08:271,0
2023-02-16 17:13:08:281,0
2023-02-16 17:13:08:292,0
2023-02-16 17:13:08:301,0
2023-02-16 17:13:08:311,0
2023-02-16 17:13:08:321,0
2023-02-16 17:13:08:331,0
2023-02-16 17:13:08:341,0
2023-02-16 17:13:08:351,0
2023-02-16 17:13:08:361,0
2023-02-16 17:13:08:371,0
2023-02-16 17:13:08:381,0
2023-02-16 17:13:08:391,0
2023-02-16 17:13:08:401,0
2023-02-16 17:13:08:412,0
2023-02-16 17:13:08:421,0
2023-02-16 17:13:08:431,0
2023-02-16 17:13:08:441,0
2023-02-16 17:13:08:451,0
2023-02-16 17:13:08:461,0
2023-02-16 17:13:08:471,0
2023-02-16 17:13:08:481,0
2023-02-16 17:13:08:491,0
2023-02-16 17:13:08:501,0
2023-02-16 17:13:08:511,0
2023-02-16 17:13:08:521,0
2023-02-16 17:13:08:531,0
2023-02-16 17:13:08:541,0
2023-02-16 17:13:08:551,0
2023-02-16 17:13:08:561,0
2023-02-16 17:13:08:571,0
2023-02-16 17:13:08:581,0
2023-02-16 17:13:08:591,0
2023-02-16 17:13:08:601,0
2023-02-16 17:13:08:611,0
2023-02-16 17:13:08:621,0
2023-02-16 17:13:08:631,0
2023-02-16 17:13:08:641,0
2023-02-16 17:13:08:651,0
2023-02-16 17:13:08:661,0
2023-02-16 17:13:08:671,0
2023-02-16 17:13:08:681,0
2023-02-16 17:13:08:691,0
2023-02-16 17:13:08:701,0
2023-02-16 17:13:08:711,0
2023-02-16 17:13:08:721,0
2023-02-16 17:13:08:731,0
2023-02-16 17:13:08:741,0
2023-02-16 17:13:08:751,0
2023-02-16 17:13:08:761,0
2023-02-16 17:13:08:771,0
2023-02-16 17:13:08:781,0
2023-02-16 17:13:08:791,0
2023-02-16 17:13:08:801,0
2023-02-16 17:13:08:811,0
2023-02-16 17:13:08:821,0
2023-02-16 17:13:08:831,0
2023-02-16 17:13:08:841,0
2023-02-16 17:13:08:851,0
2023-02-16 17:13:08:861,0
2023-02-16 17:13:08:871,0
2023-02-16 17:13:08:881,0
2023-02-16 17:13:08:891,0
2023-02-16 17:13:08:901,0
2023-02-16 17:13:08:911,0
2023-02-16 17:13:08:921,0
2023-02-16 17:13:08:931,0
2023-02-16 17:13:08:941,0
2023-02-16 17:13:08:951,0
2023-02-16 17:13:08:961,0
2023-02-16 17:13:08:971,0
2023-02-16 17:13:08:981,0
2023-02-16 17:13:08:991,0
2023-02-16 17:13:09:1,0
2023-02-16 17:13:09:11,0
2023-02-16 17:13:09:21,0
2023-02-16 17:13:09:31,0
2023-02-16 17:13:09:41,0
2023-02-16 17:13:09:51,0
2023-02-16 17:13:09:61,0
2023-02-16 17:13:09:71,0
2023-02-16 17:13:09:81,0
2023-02-16 17:13:09:91,0
2023-02-16 17:13:09:101,0
2023-02-16 17:13:09:111,0
2023-02-16 17:13:09:121,0
2023-02-16 17:13:09:131,0
2023-02-16 17:13:09:141,0
2023-02-16 17:13:09:151,0
2023-02-16 17:13:09:161,0
2023-02-16 17:13:09:171,0
2023-02-16 17:13:09:181,0
2023-02-16 17:13:09:191,0
2023-02-16 17:13:09:201,0
2023-02-16 17:13:09:211,0
2023-02-16 17:13:09:221,0
2023-02-16 17:13:09:231,0
2023-02-16 17:13:09:241,0
2023-02-16 17:13:09:251,0
2023-02-16 17:13:09:261,0
2023-02-16 17:13:09:271,0
2023-02-16 17:13:09:281,0
2023-02-16 17:13:09:291,0
2023-02-16 17:13:09:301,0
2023-02-16 17:13:09:311,0
2023-02-16 17:13:09:321,0
2023-02-16 17:13:09:331,0
2023-02-16 17:13:09:341,0
2023-02-16 17:13:09:351,0
2023-02-16 17:13:09:361,0
2023-02-16 17:13:09:371,0
2023-02-16 17:13:09:381,0
2023-02-16 17:13:09:391,0
2023-02-16 17:13:09:401,0
2023-02-16 17:13:09:411,0
2023-02-16 17:13:09:421,0
2023-02-16 17:13:09:431,0
2023-02-16 17:13:09:441,0
2023-02-16 17:13:09:451,0
2023-02-16 17:13:09:461,0
2023-02-16 17:13:09:471,0
2023-02-16 17:13:09:481,0
2023-02-16 17:13:09:491,0
2023-02-16 17:13:09:501,0
2023-02-16 17:13:09:511,0
2023-02-16 17:13:09:521,0
2023-02-16 17:13:09:531,0
2023-02-16 17:13:09:541,0
2023-02-16 17:13:09:551,0
2023-02-16 17:13:09:561,0
2023-02-16 17:13:09:571,0
2023-02-16 17:13:09:581,0
2023-02-16 17:13:09:591,0
2023-02-16 17:13:09:601,0
2023-02-16 17:13:09:611,0
2023-02-16 17:13:09:621,0
2023-02-16 17:13:09:631,0
2023-02-16 17:13:09:641,0
2023-02-16 17:13:09:651,0
2023-02-16 17:13:09:661,0
2023-02-16 17:13:09:671,0
2023-02-16 17:13:09:681,0
2023-02-16 17:13:09:691,0
2023-02-16 17:13:09:701,0
2023-02-16 17:13:09:711,0
2023-02-16 17:13:09:721,0
2023-02-16 17:13:09:731,0
2023-02-16 17:13:09:741,0
2023-02-16 17:13:09:751,0
2023-02-16 17:13:09:761,0
2023-02-16 17:13:09:771,0
2023-02-16 17:13:09:781,0
2023-02-16 17:13:09:791,0
2023-02-16 17:13:09:801,0
2023-02-16 17:13:09:811,0
2023-02-16 17:13:09:821,0
2023-02-16 17:13:09:831,0
2023-02-16 17:13:09:841,0
2023-02-16 17:13:09:851,0
2023-02-16 17:13:09:861,0
2023-02-16 17:13:09:871,0
2023-02-16 17:13:09:881,0
2023-02-16 17:13:09:891,0
2023-02-16 17:13:09:901,0
2023-02-16 17:13:09:911,0
2023-02-16 17:13:09:921,0
2023-02-16 17:13:09:931,0
2023-02-16 17:13:09:941,0
2023-02-16 17:13:09:951,0
2023-02-16 17:13:09:961,0
2023-02-16 17:13:09:971,0
2023-02-16 17:13:09:981,0
2023-02-16 17:13:09:991,0
2023-02-16 17:13:10:1,0
2023-02-16 17:13:10:11,0
2023-02-16 17:13:10:21,0
2023-02-16 17:13:10:31,0
2023-02-16 17:13:10:41,0
2023-02-16 17:13:10:51,0
2023-02-16 17:13:10:61,0
2023-02-16 17:13:10:71,0
2023-02-16 17:13:10:81,0
2023-02-16 17:13:10:91,0
2023-02-16 17:13:10:101,0
2023-02-16 17:13:10:111,0
2023-02-16 17:13:10:121,0
2023-02-16 17:13:10:131,0
2023-02-16 17:13:10:141,0
2023-02-16 17:13:10:151,0
2023-02-16 17:13:10:161,0
2023-02-16 17:13:10:171,0
2023-02-16 17:13:10:181,0
2023-02-16 17:13:10:191,0
2023-02-16 17:13:10:201,0
2023-02-16 17:13:10:211,0
2023-02-16 17:13:10:221,0
2023-02-16 17:13:10:231,0
2023-02-16 17:13:10:241,0
2023-02-16 17:13:10:251,0
2023-02-16 17:13:10:261,0
2023-02-16 17:13:10:271,0
2023-02-16 17:13:10:281,0
2023-02-16 17:13:10:291,0
2023-02-16 17:13:10:301,0
2023-02-16 17:13:10:311,0
2023-02-16 17:13:10:321,0
2023-02-16 17:13:10:331,0
2023-02-16 17:13:10:341,0
2023-02-16 17:13:10:351,0
2023-02-16 17:13:10:361,0
2023-02-16 17:13:10:371,0
2023-02-16 17:13:10:381,0
2023-02-16 17:13:10:391,0
2023-02-16 17:13:10:401,0
2023-02-16 17:13:10:411,0
2023-02-16 17:13:10:421,0
2023-02-16 17:13:10:431,0
2023-02-16 17:13:10:441,0
2023-02-16 17:13:10:451,0
2023-02-16 17:13:10:461,0
2023-02-16 17:13:10:471,0
2023-02-16 17:13:10:481,0
2023-02-16 17:13:10:491,0
2023-02-16 17:13:10:501,0
2023-02-16 17:13:10:511,0
2023-02-16 17:13:10:521,0
2023-02-16 17:13:10:531,0
2023-02-16 17:13:10:541,0
2023-02-16 17:13:10:551,0
2023-02-16 17:13:10:561,0
2023-02-16 17:13:10:571,0
2023-02-16 17:13:10:581,0
2023-02-16 17:13:10:591,0
2023-02-16 17:13:10:601,0
2023-02-16 17:13:10:611,0
2023-02-16 17:13:10:621,0
2023-02-16 17:13:10:631,0
2023-02-16 17:13:10:641,0
2023-02-16 17:13:10:651,0
2023-02-16 17:13:10:661,0
2023-02-16 17:13:10:671,0
2023-02-16 17:13:10:681,0
2023-02-16 17:13:10:691,0
2023-02-16 17:13:10:701,0
2023-02-16 17:13:10:711,0
2023-02-16 17:13:10:721,0
2023-02-16 17:13:10:731,0
2023-02-16 17:13:10:741,0
2023-02-16 17:13:10:751,0
2023-02-16 17:13:10:761,0
2023-02-16 17:13:10:771,0
2023-02-16 17:13:10:781,0
2023-02-16 17:13:10:791,0
2023-02-16 17:13:10:801,0
2023-02-16 17:13:10:812,0
2023-02-16 17:13:10:821,0
2023-02-16 17:13:10:831,0
2023-02-16 17:13:10:841,0
2023-02-16 17:13:10:851,0
2023-02-16 17:13:10:861,0
2023-02-16 17:13:10:871,0
2023-02-16 17:13:10:881,0
2023-02-16 17:13:10:891,0
2023-02-16 17:13:10:901,0
2023-02-16 17:13:10:911,0
2023-02-16 17:13:10:921,0
2023-02-16 17:13:10:931,0
2023-02-16 17:13:10:941,0
2023-02-16 17:13:10:951,0
2023-02-16 17:13:10:961,0
2023-02-16 17:13:10:971,0
2023-02-16 17:13:10:981,0
2023-02-16 17:13:10:991,0
2023-02-16 17:13:11:1,0
2023-02-16 17:13:11:11,0
2023-02-16 17:13:11:21,0
2023-02-16 17:13:11:31,0
2023-02-16 17:13:11:41,0
2023-02-16 17:13:11:51,0
2023-02-16 17:13:11:61,0
2023-02-16 17:13:11:71,0
2023-02-16 17:13:11:81,0
2023-02-16 17:13:11:91,0
2023-02-16 17:13:11:101,0
2023-02-16 17:13:11:111,0
2023-02-16 17:13:11:121,0
2023-02-16 17:13:11:131,0
2023-02-16 17:13:11:141,0
2023-02-16 17:13:11:151,0
2023-02-16 17:13:11:161,0
2023-02-16 17:13:11:171,0
2023-02-16 17:13:11:181,0
2023-02-16 17:13:11:191,0
2023-02-16 17:13:11:201,0
2023-02-16 17:13:11:211,0
2023-02-16 17:13:11:221,0
2023-02-16 17:13:11:231,0
2023-02-16 17:13:11:241,0
2023-02-16 17:13:11:251,0
2023-02-16 17:13:11:261,0
2023-02-16 17:13:11:272,0
2023-02-16 17:13:11:281,0
2023-02-16 17:13:11:291,0
2023-02-16 17:13:11:301,0
2023-02-16 17:13:11:311,0
2023-02-16 17:13:11:321,0
2023-02-16 17:13:11:331,0
2023-02-16 17:13:11:341,0
2023-02-16 17:13:11:351,0
2023-02-16 17:13:11:361,0
2023-02-16 17:13:11:371,0
2023-02-16 17:13:11:381,0
2023-02-16 17:13:11:392,0
2023-02-16 17:13:11:401,0
2023-02-16 17:13:11:412,0
2023-02-16 17:13:11:421,0
2023-02-16 17:13:11:431,0
2023-02-16 17:13:11:441,0
2023-02-16 17:13:11:452,0
2023-02-16 17:13:11:461,0
2023-02-16 17:13:11:471,0
2023-02-16 17:13:11:481,0
2023-02-16 17:13:11:491,0
2023-02-16 17:13:11:501,0
2023-02-16 17:13:11:511,0
2023-02-16 17:13:11:521,0
2023-02-16 17:13:11:531,0
2023-02-16 17:13:11:541,0
2023-02-16 17:13:11:551,0
2023-02-16 17:13:11:561,0
2023-02-16 17:13:11:571,0
2023-02-16 17:13:11:581,0
2023-02-16 17:13:11:591,0
2023-02-16 17:13:11:601,0
2023-02-16 17:13:11:611,0
2023-02-16 17:13:11:621,0
2023-02-16 17:13:11:631,0
2023-02-16 17:13:11:641,0
2023-02-16 17:13:11:651,0
2023-02-16 17:13:11:661,0
2023-02-16 17:13:11:671,0
2023-02-16 17:13:11:681,0
2023-02-16 17:13:11:691,0
2023-02-16 17:13:11:701,0
2023-02-16 17:13:11:711,0
2023-02-16 17:13:11:721,0
2023-02-16 17:13:11:731,0
2023-02-16 17:13:11:741,0
2023-02-16 17:13:11:751,0
2023-02-16 17:13:11:761,0
2023-02-16 17:13:11:772,0
2023-02-16 17:13:11:781,0
2023-02-16 17:13:11:791,0
2023-02-16 17:13:11:801,0
2023-02-16 17:13:11:811,0
2023-02-16 17:13:11:821,0
2023-02-16 17:13:11:831,0
2023-02-16 17:13:11:841,0
2023-02-16 17:13:11:851,0
2023-02-16 17:13:11:861,0
2023-02-16 17:13:11:871,0
2023-02-16 17:13:11:881,0
2023-02-16 17:13:11:891,0
2023-02-16 17:13:11:901,0
2023-02-16 17:13:11:911,0
2023-02-16 17:13:11:921,0
2023-02-16 17:13:11:931,0
2023-02-16 17:13:11:941,0
2023-02-16 17:13:11:951,0
2023-02-16 17:13:11:961,0
2023-02-16 17:13:11:971,0
2023-02-16 17:13:11:981,0
2023-02-16 17:13:11:991,0
2023-02-16 17:13:12:1,0
2023-02-16 17:13:12:12,0
2023-02-16 17:13:12:21,0
2023-02-16 17:13:12:31,0
2023-02-16 17:13:12:41,0
2023-02-16 17:13:12:51,0
2023-02-16 17:13:12:61,0
2023-02-16 17:13:12:71,0
2023-02-16 17:13:12:81,0
2023-02-16 17:13:12:91,0
2023-02-16 17:13:12:101,0
2023-02-16 17:13:12:111,0
2023-02-16 17:13:12:121,0
2023-02-16 17:13:12:131,0
2023-02-16 17:13:12:141,0
2023-02-16 17:13:12:151,0
2023-02-16 17:13:12:161,0
2023-02-16 17:13:12:171,0
2023-02-16 17:13:12:181,0
2023-02-16 17:13:12:191,0
2023-02-16 17:13:12:201,0
2023-02-16 17:13:12:212,0
2023-02-16 17:13:12:221,0
2023-02-16 17:13:12:231,0
2023-02-16 17:13:12:241,0
2023-02-16 17:13:12:251,0
2023-02-16 17:13:12:261,0
2023-02-16 17:13:12:271,0
2023-02-16 17:13:12:281,0
2023-02-16 17:13:12:291,0
2023-02-16 17:13:12:301,0
2023-02-16 17:13:12:311,0
2023-02-16 17:13:12:321,0
2023-02-16 17:13:12:331,0
2023-02-16 17:13:12:341,0
2023-02-16 17:13:12:351,0
2023-02-16 17:13:12:361,0
2023-02-16 17:13:12:371,0
2023-02-16 17:13:12:381,0
2023-02-16 17:13:12:391,0
2023-02-16 17:13:12:401,0
2023-02-16 17:13:12:411,0
2023-02-16 17:13:12:421,0
2023-02-16 17:13:12:431,0
2023-02-16 17:13:12:441,0
2023-02-16 17:13:12:451,0
2023-02-16 17:13:12:461,0
2023-02-16 17:13:12:471,0
2023-02-16 17:13:12:481,0
2023-02-16 17:13:12:491,0
2023-02-16 17:13:12:501,0
2023-02-16 17:13:12:511,0
2023-02-16 17:13:12:521,0
2023-02-16 17:13:12:531,0
2023-02-16 17:13:12:541,0
2023-02-16 17:13:12:551,0
2023-02-16 17:13:12:561,0
2023-02-16 17:13:12:571,0
2023-02-16 17:13:12:581,0
2023-02-16 17:13:12:591,0
2023-02-16 17:13:12:601,0
2023-02-16 17:13:12:611,0
2023-02-16 17:13:12:621,0
2023-02-16 17:13:12:631,0
2023-02-16 17:13:12:641,0
2023-02-16 17:13:12:651,0
2023-02-16 17:13:12:661,0
2023-02-16 17:13:12:671,0
2023-02-16 17:13:12:681,0
2023-02-16 17:13:12:691,0
2023-02-16 17:13:12:701,0
2023-02-16 17:13:12:711,0
2023-02-16 17:13:12:721,0
2023-02-16 17:13:12:731,0
2023-02-16 17:13:12:741,0
2023-02-16 17:13:12:751,0
2023-02-16 17:13:12:761,0
2023-02-16 17:13:12:771,0
2023-02-16 17:13:12:781,0
2023-02-16 17:13:12:791,0
2023-02-16 17:13:12:801,0
2023-02-16 17:13:12:811,0
2023-02-16 17:13:12:821,0
2023-02-16 17:13:12:831,0
2023-02-16 17:13:12:841,0
2023-02-16 17:13:12:851,0
2023-02-16 17:13:12:861,0
2023-02-16 17:13:12:871,0
2023-02-16 17:13:12:881,0
2023-02-16 17:13:12:891,0
2023-02-16 17:13:12:901,0
2023-02-16 17:13:12:911,0
2023-02-16 17:13:12:921,0
2023-02-16 17:13:12:931,0
2023-02-16 17:13:12:941,0
2023-02-16 17:13:12:951,0
2023-02-16 17:13:12:961,0
2023-02-16 17:13:12:971,0
2023-02-16 17:13:12:981,0
2023-02-16 17:13:12:991,0
2023-02-16 17:13:13:1,0
2023-02-16 17:13:13:11,0
2023-02-16 17:13:13:21,0
2023-02-16 17:13:13:31,0
2023-02-16 17:13:13:41,0
2023-02-16 17:13:13:51,0
2023-02-16 17:13:13:61,0
2023-02-16 17:13:13:71,0
2023-02-16 17:13:13:81,0
2023-02-16 17:13:13:91,0
2023-02-16 17:13:13:101,0
2023-02-16 17:13:13:112,0
2023-02-16 17:13:13:121,0
2023-02-16 17:13:13:131,0
2023-02-16 17:13:13:141,0
2023-02-16 17:13:13:152,0
2023-02-16 17:13:13:161,0
2023-02-16 17:13:13:171,0
2023-02-16 17:13:13:181,0
2023-02-16 17:13:13:191,0
2023-02-16 17:13:13:201,0
2023-02-16 17:13:13:211,0
2023-02-16 17:13:13:221,0
2023-02-16 17:13:13:231,0
2023-02-16 17:13:13:241,0
2023-02-16 17:13:13:252,0
2023-02-16 17:13:13:261,0
2023-02-16 17:13:13:271,0
2023-02-16 17:13:13:281,0
2023-02-16 17:13:13:291,0
2023-02-16 17:13:13:301,0
2023-02-16 17:13:13:311,0
2023-02-16 17:13:13:321,0
2023-02-16 17:13:13:331,0
2023-02-16 17:13:13:341,0
2023-02-16 17:13:13:351,0
2023-02-16 17:13:13:361,0
2023-02-16 17:13:13:371,0
2023-02-16 17:13:13:381,0
2023-02-16 17:13:13:391,0
2023-02-16 17:13:13:401,0
2023-02-16 17:13:13:412,0
2023-02-16 17:13:13:421,0
2023-02-16 17:13:13:431,0
2023-02-16 17:13:13:441,0
2023-02-16 17:13:13:452,0
2023-02-16 17:13:13:461,0
2023-02-16 17:13:13:471,0
2023-02-16 17:13:13:481,0
2023-02-16 17:13:13:491,0
2023-02-16 17:13:13:501,0
2023-02-16 17:13:13:512,0
2023-02-16 17:13:13:521,0
2023-02-16 17:13:13:531,0
2023-02-16 17:13:13:541,0
2023-02-16 17:13:13:551,0
2023-02-16 17:13:13:561,0
2023-02-16 17:13:13:571,0
2023-02-16 17:13:13:581,0
2023-02-16 17:13:13:591,0
2023-02-16 17:13:13:601,0
2023-02-16 17:13:13:611,0
2023-02-16 17:13:13:621,0
2023-02-16 17:13:13:631,0
2023-02-16 17:13:13:641,0
2023-02-16 17:13:13:652,0
2023-02-16 17:13:13:661,0
2023-02-16 17:13:13:671,0
2023-02-16 17:13:13:681,0
2023-02-16 17:13:13:691,0
2023-02-16 17:13:13:701,0
2023-02-16 17:13:13:711,0
2023-02-16 17:13:13:721,0
2023-02-16 17:13:13:731,0
2023-02-16 17:13:13:741,0
2023-02-16 17:13:13:751,0
2023-02-16 17:13:13:761,0
2023-02-16 17:13:13:772,0
2023-02-16 17:13:13:781,0
2023-02-16 17:13:13:791,0
2023-02-16 17:13:13:801,0
2023-02-16 17:13:13:811,0
2023-02-16 17:13:13:821,0
2023-02-16 17:13:13:831,0
2023-02-16 17:13:13:841,0
2023-02-16 17:13:13:851,0
2023-02-16 17:13:13:861,0
2023-02-16 17:13:13:872,0
2023-02-16 17:13:13:882,0
2023-02-16 17:13:13:891,0
2023-02-16 17:13:13:901,0
2023-02-16 17:13:13:911,0
2023-02-16 17:13:13:921,0
2023-02-16 17:13:13:931,0
2023-02-16 17:13:13:941,0
2023-02-16 17:13:13:951,0
2023-02-16 17:13:13:961,0
2023-02-16 17:13:13:971,0
2023-02-16 17:13:13:981,0
2023-02-16 17:13:13:991,0
2023-02-16 17:13:14:1,0
2023-02-16 17:13:14:11,0
2023-02-16 17:13:14:21,0
2023-02-16 17:13:14:31,0
2023-02-16 17:13:14:41,0
2023-02-16 17:13:14:51,0
2023-02-16 17:13:14:61,0
2023-02-16 17:13:14:71,0
2023-02-16 17:13:14:81,0
2023-02-16 17:13:14:91,0
2023-02-16 17:13:14:101,0
2023-02-16 17:13:14:111,0
2023-02-16 17:13:14:121,0
2023-02-16 17:13:14:131,0
2023-02-16 17:13:14:141,0
2023-02-16 17:13:14:151,0
2023-02-16 17:13:14:161,0
2023-02-16 17:13:14:171,0
2023-02-16 17:13:14:181,0
2023-02-16 17:13:14:191,0
2023-02-16 17:13:14:201,0
2023-02-16 17:13:14:211,0
2023-02-16 17:13:14:221,0
2023-02-16 17:13:14:231,0
2023-02-16 17:13:14:241,0
2023-02-16 17:13:14:251,0
2023-02-16 17:13:14:261,0
2023-02-16 17:13:14:271,0
2023-02-16 17:13:14:281,0
2023-02-16 17:13:14:291,0
2023-02-16 17:13:14:301,0
2023-02-16 17:13:14:311,0
2023-02-16 17:13:14:321,0
2023-02-16 17:13:14:331,0
2023-02-16 17:13:14:341,0
2023-02-16 17:13:14:351,0
2023-02-16 17:13:14:361,0
2023-02-16 17:13:14:371,0
2023-02-16 17:13:14:381,0
2023-02-16 17:13:14:391,0
2023-02-16 17:13:14:401,0
2023-02-16 17:13:14:411,0
2023-02-16 17:13:14:421,0
2023-02-16 17:13:14:432,0
2023-02-16 17:13:14:441,0
2023-02-16 17:13:14:452,0
2023-02-16 17:13:14:461,0
2023-02-16 17:13:14:471,0
2023-02-16 17:13:14:481,0
2023-02-16 17:13:14:492,0
2023-02-16 17:13:14:501,0
2023-02-16 17:13:14:511,0
2023-02-16 17:13:14:521,0
2023-02-16 17:13:14:532,0
2023-02-16 17:13:14:541,0
2023-02-16 17:13:14:551,0
2023-02-16 17:13:14:561,0
2023-02-16 17:13:14:571,0
2023-02-16 17:13:14:581,0
2023-02-16 17:13:14:591,0
2023-02-16 17:13:14:601,0
2023-02-16 17:13:14:611,0
2023-02-16 17:13:14:621,0
2023-02-16 17:13:14:631,0
2023-02-16 17:13:14:641,0
2023-02-16 17:13:14:651,0
2023-02-16 17:13:14:661,0
2023-02-16 17:13:14:671,0
2023-02-16 17:13:14:681,0
2023-02-16 17:13:14:691,0
2023-02-16 17:13:14:701,0
2023-02-16 17:13:14:711,0
2023-02-16 17:13:14:721,0
2023-02-16 17:13:14:731,0
2023-02-16 17:13:14:741,0
2023-02-16 17:13:14:751,0
2023-02-16 17:13:14:761,0
2023-02-16 17:13:14:771,0
2023-02-16 17:13:14:781,0
2023-02-16 17:13:14:791,0
2023-02-16 17:13:14:801,0
2023-02-16 17:13:14:811,0
2023-02-16 17:13:14:821,0
2023-02-16 17:13:14:831,0
2023-02-16 17:13:14:841,0
2023-02-16 17:13:14:851,0
2023-02-16 17:13:14:861,0
2023-02-16 17:13:14:871,0
2023-02-16 17:13:14:881,0
2023-02-16 17:13:14:891,0
2023-02-16 17:13:14:901,0
2023-02-16 17:13:14:911,0
2023-02-16 17:13:14:921,0
2023-02-16 17:13:14:931,0
2023-02-16 17:13:14:941,0
2023-02-16 17:13:14:951,0
2023-02-16 17:13:14:961,0
2023-02-16 17:13:14:971,0
2023-02-16 17:13:14:981,0
2023-02-16 17:13:14:991,0
2023-02-16 17:13:15:1,0
2023-02-16 17:13:15:11,0
2023-02-16 17:13:15:21,0
2023-02-16 17:13:15:31,0
2023-02-16 17:13:15:41,0
2023-02-16 17:13:15:51,0
2023-02-16 17:13:15:61,0
2023-02-16 17:13:15:71,0
2023-02-16 17:13:15:81,0
2023-02-16 17:13:15:91,0
2023-02-16 17:13:15:101,0
2023-02-16 17:13:15:111,0
2023-02-16 17:13:15:121,0
2023-02-16 17:13:15:131,0
2023-02-16 17:13:15:141,0
2023-02-16 17:13:15:151,0
2023-02-16 17:13:15:161,0
2023-02-16 17:13:15:171,0
2023-02-16 17:13:15:181,0
