Timestamp,Roll,Pitch,Yaw
2022-08-12 11:24:24.693024,-0.0009886998450383544,0.15901075303554535,-1.0609692335128784
2022-08-12 11:24:24.693301,-0.0010016909800469875,0.15899163484573364,-1.0609453916549683
2022-08-12 11:24:24.693410,-0.0009887692285701632,0.1590031534433365,-1.0608940124511719
2022-08-12 11:24:24.693502,-0.0009653227170929313,0.15896917879581451,-1.060903549194336
2022-08-12 11:24:24.693631,-0.0010256532113999128,0.15898381173610687,-1.060922622680664
2022-08-12 11:24:24.693728,-0.001047849771566689,0.1589834839105606,-1.0609064102172852
2022-08-12 11:24:24.693818,-0.0010483332443982363,0.15898045897483826,-1.060879111289978
2022-08-12 11:24:24.693906,-0.0010877280728891492,0.15903080999851227,-1.06089186668396
2022-08-12 11:24:24.693993,-0.000993460533209145,0.1590098738670349,-1.0608817338943481
2022-08-12 11:24:24.694089,-0.0010274384403601289,0.15898975729942322,-1.0608283281326294
2022-08-12 11:24:24.694177,-0.0011164413299411535,0.15899454057216644,-1.0608750581741333
2022-08-12 11:24:24.694265,-0.001185899367555976,0.15896780788898468,-1.0608702898025513
2022-08-12 11:24:24.694352,-0.001166601199656725,0.15904831886291504,-1.0608817338943481
2022-08-12 11:24:24.694439,-0.0011644539190456271,0.15907424688339233,-1.0608865022659302
2022-08-12 11:24:24.694526,-0.0011354507878422737,0.1590896099805832,-1.0609179735183716
2022-08-12 11:24:24.694613,-0.0011346390238031745,0.15910620987415314,-1.0609357357025146
2022-08-12 11:24:24.694699,-0.001103884307667613,0.15912383794784546,-1.0609402656555176
2022-08-12 11:24:24.694786,-0.0011031413450837135,0.15911804139614105,-1.060883641242981
2022-08-12 11:24:24.694873,-0.0011106827296316624,0.1590925008058548,-1.0608943700790405
2022-08-12 11:24:24.694959,-0.0010949803981930017,0.15909992158412933,-1.0608471632003784
2022-08-12 11:24:24.695045,-0.001076611690223217,0.1591472178697586,-1.0608543157577515
2022-08-12 11:24:24.695130,-0.0010508325649425387,0.15911172330379486,-1.06087327003479
2022-08-12 11:24:24.695216,-0.001069899764843285,0.1591259241104126,-1.060892939567566
2022-08-12 11:24:24.695303,-0.001072414917871356,0.1591591089963913,-1.0609073638916016
2022-08-12 11:24:24.695389,-0.0010331354569643736,0.15918035805225372,-1.0609097480773926
2022-08-12 11:24:24.695475,-0.0010358834406360984,0.15916875004768372,-1.0609272718429565
2022-08-12 11:24:24.695561,-0.0010219903197139502,0.1591539978981018,-1.0609403848648071
2022-08-12 11:24:24.695647,-0.000992621062323451,0.15914443135261536,-1.0609265565872192
2022-08-12 11:24:24.695746,-0.0009787207236513495,0.15915565192699432,-1.0609437227249146
2022-08-12 11:24:24.695833,-0.0008624797919765115,0.1592065989971161,-1.060952067375183
2022-08-12 11:24:24.695920,-0.0008919708780013025,0.15918633341789246,-1.060973048210144
2022-08-12 11:24:24.696006,-0.0008727210224606097,0.1591322422027588,-1.0609513521194458
2022-08-12 11:24:24.696094,-0.0009172523277811706,0.15917366743087769,-1.0609099864959717
2022-08-12 11:24:24.696180,-0.0009155709412880242,0.159169003367424,-1.0609112977981567
2022-08-12 11:24:24.696266,-0.0009700083755888045,0.15918231010437012,-1.0609467029571533
2022-08-12 11:24:24.696353,-0.0009847061010077596,0.15917442739009857,-1.0609557628631592
2022-08-12 11:24:24.696439,-0.001095572835765779,0.1591663807630539,-1.060948133468628
2022-08-12 11:24:24.696541,-0.0011403440730646253,0.1591571420431137,-1.0609345436096191
2022-08-12 11:24:24.696632,-0.0011592081282287836,0.1591610163450241,-1.0609151124954224
2022-08-12 11:24:24.696725,-0.001121273497119546,0.15921436250209808,-1.0609222650527954
2022-08-12 11:24:24.696811,-0.0011354045709595084,0.15922999382019043,-1.060930609703064
2022-08-12 11:24:24.696897,-0.001170930452644825,0.15921339392662048,-1.060941219329834
2022-08-12 11:24:24.696983,-0.0011082302080467343,0.1591561883687973,-1.0609492063522339
2022-08-12 11:24:24.697069,-0.001103737042285502,0.15917277336120605,-1.0609647035598755
2022-08-12 11:24:24.697162,-0.0011310057016089559,0.1592055708169937,-1.0609643459320068
2022-08-12 11:24:24.697248,-0.0011239507002756,0.15924306213855743,-1.060949444770813
2022-08-12 11:24:24.697340,-0.00111126818228513,0.159230038523674,-1.0609302520751953
2022-08-12 11:24:24.697428,-0.001087959622964263,0.15928338468074799,-1.060908317565918
2022-08-12 11:24:24.697515,-0.0007455801242031157,0.15889960527420044,-1.0615288019180298
2022-08-12 11:24:24.697602,-0.0007765500922687352,0.15885210037231445,-1.0615653991699219
2022-08-12 11:24:24.703442,-0.000812443729955703,0.1588461846113205,-1.061547040939331
2022-08-12 11:24:24.713307,-0.0008618963765911758,0.15880253911018372,-1.061566948890686
2022-08-12 11:24:24.723411,-0.0008295172010548413,0.15879333019256592,-1.0615856647491455
2022-08-12 11:24:24.733378,-0.0007917215116322041,0.15880186855793,-1.0615488290786743
2022-08-12 11:24:24.743503,-0.0007869629771448672,0.15882045030593872,-1.0615748167037964
2022-08-12 11:24:24.753709,-0.0008092446951195598,0.15888863801956177,-1.0615837574005127
2022-08-12 11:24:24.763423,-0.0009013935341499746,0.15890224277973175,-1.0616182088851929
2022-08-12 11:24:24.773643,-0.0009299767552874982,0.1588621586561203,-1.0615962743759155
2022-08-12 11:24:24.783900,-0.0009294982301071286,0.15889275074005127,-1.061627984046936
2022-08-12 11:24:24.793913,-0.000936535419896245,0.15887393057346344,-1.0616830587387085
2022-08-12 11:24:24.804095,-0.0008934641955420375,0.15894585847854614,-1.0616599321365356
2022-08-12 11:24:24.814126,-0.0009113954147323966,0.15895046293735504,-1.061635136604309
2022-08-12 11:24:24.824173,-0.0008754422888159752,0.15892848372459412,-1.061651587486267
2022-08-12 11:24:24.834214,-0.0008693232666701078,0.15888497233390808,-1.0615984201431274
2022-08-12 11:24:24.844453,-0.0008478941745124757,0.15886051952838898,-1.0615968704223633
2022-08-12 11:24:24.854184,-0.0007988904253579676,0.15884451568126678,-1.0616216659545898
2022-08-12 11:24:24.864076,-0.0008018500520847738,0.15883934497833252,-1.0615988969802856
2022-08-12 11:24:24.874316,-0.0007841587648727,0.1588190495967865,-1.061579942703247
2022-08-12 11:24:24.884409,-0.0007632477791048586,0.15879559516906738,-1.061579704284668
2022-08-12 11:24:24.894337,-0.0007299105636775494,0.1588251292705536,-1.0615874528884888
2022-08-12 11:24:24.903963,-0.0007861044723540545,0.15878260135650635,-1.061599850654602
2022-08-12 11:24:24.914218,-0.0008033299818634987,0.15874741971492767,-1.0616041421890259
2022-08-12 11:24:24.924130,-0.000762030016630888,0.15878689289093018,-1.0616226196289062
2022-08-12 11:24:24.933798,-0.0007948547136038542,0.15875110030174255,-1.0616472959518433
2022-08-12 11:24:24.943900,-0.0008188207866623998,0.15874674916267395,-1.0616540908813477
2022-08-12 11:24:24.954051,-0.0008830412989482284,0.15870343148708344,-1.0616743564605713
2022-08-12 11:24:24.963935,-0.000911339302547276,0.15871822834014893,-1.0616905689239502
2022-08-12 11:24:24.973981,-0.0008694075513631105,0.15870176255702972,-1.0616264343261719
2022-08-12 11:24:24.984181,-0.0008261875482276082,0.1587032973766327,-1.0616401433944702
2022-08-12 11:24:24.994134,-0.0007793636759743094,0.15867701172828674,-1.0616450309753418
2022-08-12 11:24:25.003913,-0.000743921147659421,0.15868644416332245,-1.0616239309310913
2022-08-12 11:24:25.013574,-0.0007820113096386194,0.1586924046278,-1.0616075992584229
2022-08-12 11:24:25.023493,-0.0008431397145614028,0.1587044596672058,-1.0616503953933716
2022-08-12 11:24:25.033368,-0.0008489441825076938,0.1586650013923645,-1.061627745628357
2022-08-12 11:24:25.043773,-0.0008213316323235631,0.15867139399051666,-1.0616270303726196
2022-08-12 11:24:25.054059,-0.0007877848111093044,0.15867845714092255,-1.0616344213485718
2022-08-12 11:24:25.063948,-0.0008163475431501865,0.15873335301876068,-1.061696171760559
2022-08-12 11:24:25.074032,-0.0008744602091610432,0.15873873233795166,-1.0616742372512817
2022-08-12 11:24:25.083981,-0.0009224825189448893,0.15875214338302612,-1.061659812927246
2022-08-12 11:24:25.094091,-0.0009050553198903799,0.15873993933200836,-1.061665654182434
2022-08-12 11:24:25.103872,-0.0008756848983466625,0.15872128307819366,-1.0616227388381958
2022-08-12 11:24:25.113851,-0.0008462119731120765,0.1587502509355545,-1.0616217851638794
2022-08-12 11:24:25.123844,-0.0008801083313301206,0.15875425934791565,-1.0615850687026978
2022-08-12 11:24:25.134093,-0.0009352887864224613,0.1587417870759964,-1.0616060495376587
2022-08-12 11:24:25.144053,-0.0008984053856693208,0.15874291956424713,-1.0615967512130737
2022-08-12 11:24:25.153920,-0.0008994604577310383,0.15875497460365295,-1.0616347789764404
2022-08-12 11:24:25.163835,-0.0009295569616369903,0.15877585113048553,-1.0616458654403687
2022-08-12 11:24:25.174037,-0.0009288014261983335,0.15877746045589447,-1.061646819114685
2022-08-12 11:24:25.184088,-0.0009441948495805264,0.15874888002872467,-1.061654806137085
2022-08-12 11:24:25.193829,-0.0009827688336372375,0.15879619121551514,-1.061660885810852
2022-08-12 11:24:25.204004,-0.0010120971128344536,0.15879228711128235,-1.0616509914398193
2022-08-12 11:24:25.214027,-0.0009878476848825812,0.15879720449447632,-1.0616533756256104
2022-08-12 11:24:25.223859,-0.0009580657933838665,0.1588047444820404,-1.0616499185562134
2022-08-12 11:24:25.234418,-0.000988369807600975,0.1587986946105957,-1.0616408586502075
2022-08-12 11:24:25.244352,-0.0009219522471539676,0.15880952775478363,-1.061642050743103
2022-08-12 11:24:25.254170,-0.0008833043393678963,0.15884096920490265,-1.061628818511963
2022-08-12 11:24:25.264260,-0.0009152068523690104,0.15882092714309692,-1.0616538524627686
2022-08-12 11:24:25.273971,-0.0008730935514904559,0.15877482295036316,-1.0616626739501953
2022-08-12 11:24:25.284105,-0.0008987187757156789,0.1587638109922409,-1.0616930723190308
2022-08-12 11:24:25.294053,-0.0009417690453119576,0.15879292786121368,-1.0616929531097412
2022-08-12 11:24:25.304224,-0.000946844695135951,0.15881018340587616,-1.061707615852356
2022-08-12 11:24:25.314049,-0.0009843305451795459,0.15876047313213348,-1.061747670173645
2022-08-12 11:24:25.324083,-0.0010079432977363467,0.15872308611869812,-1.061711072921753
2022-08-12 11:24:25.334185,-0.0010040965862572193,0.1587773561477661,-1.0616817474365234
2022-08-12 11:24:25.344336,-0.0010565530974417925,0.15879225730895996,-1.0616717338562012
2022-08-12 11:24:25.354073,-0.0010417662560939789,0.15877480804920197,-1.061689019203186
2022-08-12 11:24:25.364351,-0.0010351354721933603,0.15878929197788239,-1.0616896152496338
2022-08-12 11:24:25.374111,-0.0010134830372408032,0.1587527096271515,-1.0616861581802368
2022-08-12 11:24:25.384130,-0.001040735631249845,0.15876173973083496,-1.0616599321365356
2022-08-12 11:24:25.394333,-0.0009846099419519305,0.15872584283351898,-1.0616487264633179
2022-08-12 11:24:25.404049,-0.0009728741715662181,0.15873537957668304,-1.0616835355758667
2022-08-12 11:24:25.413995,-0.0009604681399650872,0.1587730497121811,-1.0617097616195679
2022-08-12 11:24:25.423895,-0.0009748646407388151,0.15874598920345306,-1.061723232269287
2022-08-12 11:24:25.434078,-0.0009419344714842737,0.1587989330291748,-1.0616813898086548
2022-08-12 11:24:25.444018,-0.0009100153692997992,0.15879212319850922,-1.0616899728775024
2022-08-12 11:24:25.453832,-0.0008957533282227814,0.15876366198062897,-1.0616722106933594
2022-08-12 11:24:25.463819,-0.0009075003326870501,0.15874771773815155,-1.0616283416748047
2022-08-12 11:24:25.473845,-0.0008769372943788767,0.1587453931570053,-1.0616828203201294
2022-08-12 11:24:25.484004,-0.0008627849165350199,0.15872913599014282,-1.0616681575775146
2022-08-12 11:24:25.494003,-0.0009456697152927518,0.15868403017520905,-1.061684012413025
2022-08-12 11:24:25.503892,-0.0009401670540682971,0.15861095488071442,-1.061640977859497
2022-08-12 11:24:25.513825,-0.0009459821158088744,0.15859292447566986,-1.0616198778152466
2022-08-12 11:24:25.524000,-0.0010043868096545339,0.15861470997333527,-1.0616399049758911
2022-08-12 11:24:25.533969,-0.0010003955103456974,0.1585955023765564,-1.0616341829299927
2022-08-12 11:24:25.543931,-0.0009701061644591391,0.15859828889369965,-1.061611294746399
2022-08-12 11:24:25.554052,-0.0009730159072205424,0.15863125026226044,-1.0616388320922852
2022-08-12 11:24:25.563968,-0.0009631129214540124,0.15866760909557343,-1.061599612236023
2022-08-12 11:24:25.573950,-0.0009620910859666765,0.15871717035770416,-1.0616307258605957
2022-08-12 11:24:25.583980,-0.0009782600682228804,0.15877673029899597,-1.0616132020950317
2022-08-12 11:24:25.594278,-0.0009316573268733919,0.15877211093902588,-1.0615752935409546
2022-08-12 11:24:25.603992,-0.0008883874397724867,0.15875034034252167,-1.0615898370742798
2022-08-12 11:24:25.613912,-0.0008178674033842981,0.158686563372612,-1.0616029500961304
2022-08-12 11:24:25.624009,-0.0007977371569722891,0.15871906280517578,-1.0615828037261963
2022-08-12 11:24:25.634020,-0.0008130342466756701,0.1587369441986084,-1.061599612236023
2022-08-12 11:24:25.644230,-0.0007800542516633868,0.15874576568603516,-1.061668038368225
2022-08-12 11:24:25.654005,-0.0007654549553990364,0.15872956812381744,-1.061693787574768
2022-08-12 11:24:25.664008,-0.000751188606955111,0.15874600410461426,-1.0616799592971802
2022-08-12 11:24:25.674375,-0.000733290973585099,0.15872031450271606,-1.0616862773895264
2022-08-12 11:24:25.684228,-0.0007360822637565434,0.15874315798282623,-1.0616596937179565
2022-08-12 11:24:25.693846,-0.0006854239036329091,0.15880738198757172,-1.0616731643676758
2022-08-12 11:24:25.703552,-0.000683362886775285,0.15883015096187592,-1.0616627931594849
2022-08-12 11:24:25.713366,-0.0006214389577507973,0.15884479880332947,-1.0616953372955322
2022-08-12 11:24:25.723411,-0.0006544493371620774,0.15885604918003082,-1.0616741180419922
2022-08-12 11:24:25.733347,-0.0006469726795330644,0.1588703840970993,-1.061699628829956
2022-08-12 11:24:25.744244,-0.0006367384339682758,0.15887561440467834,-1.0617022514343262
2022-08-12 11:24:25.754197,-0.0006090343813411891,0.1588989943265915,-1.0616939067840576
2022-08-12 11:24:25.764198,-0.0006236393819563091,0.1589420884847641,-1.0617297887802124
2022-08-12 11:24:25.774077,-0.0006259684450924397,0.15894350409507751,-1.0617867708206177
2022-08-12 11:24:25.784049,-0.0005833139293827116,0.15894471108913422,-1.0617629289627075
2022-08-12 11:24:25.793895,-0.0005855539347976446,0.15896707773208618,-1.06172776222229
2022-08-12 11:24:25.804297,-0.0005634956760331988,0.1589997410774231,-1.0617625713348389
2022-08-12 11:24:25.814320,-0.0005691918195225298,0.1589924544095993,-1.061729907989502
2022-08-12 11:24:25.824043,-0.000597989303059876,0.15894174575805664,-1.0617626905441284
2022-08-12 11:24:25.834215,-0.0006373890792019665,0.15895791351795197,-1.0617693662643433
2022-08-12 11:24:25.844129,-0.0006353834178298712,0.15895481407642365,-1.0617733001708984
2022-08-12 11:24:25.853935,-0.000689204316586256,0.1589447259902954,-1.0618031024932861
2022-08-12 11:24:25.864490,-0.0006956973811611533,0.15893672406673431,-1.061787486076355
2022-08-12 11:24:25.874060,-0.0006732515175826848,0.15890657901763916,-1.0617570877075195
2022-08-12 11:24:25.883910,-0.0006746710278093815,0.1589013785123825,-1.0617461204528809
2022-08-12 11:24:25.893995,-0.0006679454818367958,0.158908873796463,-1.0617655515670776
2022-08-12 11:24:25.904194,-0.0006214207387529314,0.15893346071243286,-1.0617339611053467
2022-08-12 11:24:25.914174,-0.0006224476383067667,0.1589997112751007,-1.0617427825927734
2022-08-12 11:24:25.924265,-0.0005888479645363986,0.15902575850486755,-1.0617163181304932
2022-08-12 11:24:25.934027,-0.000568273535463959,0.15909437835216522,-1.0617600679397583
2022-08-12 11:24:25.944040,-0.0005226628272794187,0.1590917706489563,-1.0617517232894897
2022-08-12 11:24:25.954041,-0.000494598236400634,0.15911003947257996,-1.0617257356643677
2022-08-12 11:24:25.964361,-0.0004681178252212703,0.15908095240592957,-1.0617297887802124
2022-08-12 11:24:25.973946,-0.0004696926916949451,0.15911206603050232,-1.0617451667785645
2022-08-12 11:24:25.984002,-0.0004635335353668779,0.15908201038837433,-1.0617250204086304
2022-08-12 11:24:25.994078,-0.0005184462643228471,0.15909917652606964,-1.061730980873108
2022-08-12 11:24:26.004078,-0.0005339210038073361,0.15913134813308716,-1.061741828918457
2022-08-12 11:24:26.014089,-0.0005480303079821169,0.15908385813236237,-1.0617260932922363
2022-08-12 11:24:26.024020,-0.0005255856085568666,0.15907932817935944,-1.0617345571517944
2022-08-12 11:24:26.033997,-0.0005542644648812711,0.15904392302036285,-1.0616854429244995
2022-08-12 11:24:26.044240,-0.0005641578463837504,0.1590612381696701,-1.0616605281829834
2022-08-12 11:24:26.054028,-0.0005608244682662189,0.1590936928987503,-1.0616567134857178
2022-08-12 11:24:26.064365,-0.0004990267916582525,0.15912194550037384,-1.0616796016693115
2022-08-12 11:24:26.074096,-0.0004939748905599117,0.15911629796028137,-1.061629295349121
2022-08-12 11:24:26.084137,-0.00047054552123881876,0.15910577774047852,-1.0616614818572998
2022-08-12 11:24:26.093881,-0.0004611419572029263,0.15911732614040375,-1.0616021156311035
2022-08-12 11:24:26.104091,-0.0004365096101537347,0.15916135907173157,-1.0616172552108765
2022-08-12 11:24:26.113956,-0.00048333327868022025,0.15912050008773804,-1.0615934133529663
2022-08-12 11:24:26.123914,-0.0004814779676962644,0.15910884737968445,-1.0615605115890503
2022-08-12 11:24:26.133866,-0.0004981185193173587,0.15910892188549042,-1.0615482330322266
2022-08-12 11:24:26.143826,-0.0004874090082012117,0.15908241271972656,-1.061572551727295
2022-08-12 11:24:26.154067,-0.00043881876626983285,0.15908291935920715,-1.0616270303726196
2022-08-12 11:24:26.163775,-0.0004324117908254266,0.15903042256832123,-1.0616438388824463
2022-08-12 11:24:26.173790,-0.00044186084414832294,0.1590624898672104,-1.0616477727890015
2022-08-12 11:24:26.183990,-0.00043673976324498653,0.15900281071662903,-1.061652421951294
2022-08-12 11:24:26.194019,-0.0004373242845758796,0.1589570790529251,-1.0616282224655151
2022-08-12 11:24:26.203887,-0.0004090054426342249,0.1589726060628891,-1.061666488647461
2022-08-12 11:24:26.213971,-0.0004215140361338854,0.15896333754062653,-1.0616298913955688
2022-08-12 11:24:26.223960,-0.00044166951556690037,0.1589907556772232,-1.0616507530212402
2022-08-12 11:24:26.233820,-0.0004240692942403257,0.1590384989976883,-1.061663031578064
2022-08-12 11:24:26.243839,-0.00040719457319937646,0.1590195894241333,-1.061638355255127
2022-08-12 11:24:26.254001,-0.00040790761704556644,0.15896710753440857,-1.0616556406021118
2022-08-12 11:24:26.264252,-0.0004703456361312419,0.15895475447177887,-1.0616378784179688
2022-08-12 11:24:26.274101,-0.00043075112625956535,0.15896570682525635,-1.0616919994354248
2022-08-12 11:24:26.284119,-0.0004431322740856558,0.1589922457933426,-1.0617156028747559
2022-08-12 11:24:26.294097,-0.0004833368002437055,0.1589888036251068,-1.0617055892944336
2022-08-12 11:24:26.304201,-0.0004949683789163828,0.15896351635456085,-1.0617073774337769
2022-08-12 11:24:26.314108,-0.0005317926988936961,0.15897665917873383,-1.0616990327835083
2022-08-12 11:24:26.324321,-0.0005129262572154403,0.15900404751300812,-1.0616854429244995
2022-08-12 11:24:26.334025,-0.0004901015781797469,0.15903222560882568,-1.061699628829956
2022-08-12 11:24:26.344287,-0.0004855482839047909,0.1590695083141327,-1.0616564750671387
2022-08-12 11:24:26.354016,-0.0004841432091780007,0.15902915596961975,-1.061618447303772
2022-08-12 11:24:26.364112,-0.0005002641119062901,0.1590319722890854,-1.0616549253463745
2022-08-12 11:24:26.374176,-0.0004974972107447684,0.15901349484920502,-1.0617115497589111
2022-08-12 11:24:26.384115,-0.0004540196678135544,0.15900081396102905,-1.0617190599441528
2022-08-12 11:24:26.394280,-0.0004597641236614436,0.15897980332374573,-1.0617104768753052
2022-08-12 11:24:26.404326,-0.0004647094174288213,0.15893319249153137,-1.0617516040802002
2022-08-12 11:24:26.414152,-0.0004572389298118651,0.15890413522720337,-1.061814785003662
2022-08-12 11:24:26.424269,-0.00043741444824263453,0.15889950096607208,-1.061777114868164
2022-08-12 11:24:26.434282,-0.0003858213312923908,0.15890415012836456,-1.0617252588272095
2022-08-12 11:24:26.444014,-0.00039888263563625515,0.15885546803474426,-1.0616825819015503
2022-08-12 11:24:26.454038,-0.0004513456078711897,0.15882885456085205,-1.0617241859436035
2022-08-12 11:24:26.464133,-0.00044280802831053734,0.1588234156370163,-1.0616837739944458
2022-08-12 11:24:26.474019,-0.0004320581501815468,0.15881210565567017,-1.061682105064392
2022-08-12 11:24:26.483962,-0.00046452999231405556,0.15876531600952148,-1.0617557764053345
2022-08-12 11:24:26.493967,-0.0004410887195263058,0.15879854559898376,-1.0617948770523071
2022-08-12 11:24:26.504071,-0.00045529144699685276,0.1587691605091095,-1.0617845058441162
2022-08-12 11:24:26.513995,-0.0004522159288171679,0.15873734652996063,-1.0617775917053223
2022-08-12 11:24:26.523950,-0.00041633809451013803,0.15874402225017548,-1.061726450920105
2022-08-12 11:24:26.533567,-0.00039268776890821755,0.15881213545799255,-1.0617032051086426
2022-08-12 11:24:26.543745,-0.0004367018409539014,0.15882043540477753,-1.0616741180419922
2022-08-12 11:24:26.553688,-0.00036366283893585205,0.15881459414958954,-1.0616700649261475
2022-08-12 11:24:26.563603,-0.0003692334867082536,0.15879908204078674,-1.0616286993026733
2022-08-12 11:24:26.573853,-0.0004099352518096566,0.15876933932304382,-1.0616246461868286
2022-08-12 11:24:26.583965,-0.00043490692041814327,0.15881212055683136,-1.0616012811660767
2022-08-12 11:24:26.593780,-0.00041028507985174656,0.1588069349527359,-1.0615354776382446
2022-08-12 11:24:26.604016,-0.00042902660788968205,0.15884512662887573,-1.0615522861480713
2022-08-12 11:24:26.613973,-0.0004182799602858722,0.15884171426296234,-1.0615304708480835
2022-08-12 11:24:26.623804,-0.00045543513260781765,0.1588628739118576,-1.0615143775939941
2022-08-12 11:24:26.634026,-0.00041153980419039726,0.15887463092803955,-1.0614817142486572
2022-08-12 11:24:26.644007,-0.0003670443838927895,0.15889707207679749,-1.061449646949768
2022-08-12 11:24:26.653919,-0.00034809578210115433,0.158911794424057,-1.06145179271698
2022-08-12 11:24:26.663954,-0.00036901095882058144,0.1589847207069397,-1.061493158340454
2022-08-12 11:24:26.674004,-0.00038734363624826074,0.15899784862995148,-1.061479091644287
2022-08-12 11:24:26.683897,-0.00039453012868762016,0.15902994573116302,-1.0614826679229736
2022-08-12 11:24:26.693978,-0.00032757833832874894,0.15900565683841705,-1.061414361000061
2022-08-12 11:24:26.704075,-0.00037973799044266343,0.15902318060398102,-1.0614043474197388
2022-08-12 11:24:26.713969,-0.0003476542478892952,0.15903139114379883,-1.0614010095596313
2022-08-12 11:24:26.723613,-0.0003754790814127773,0.15898865461349487,-1.0614160299301147
2022-08-12 11:24:26.733448,-0.000397531344788149,0.15893542766571045,-1.0614275932312012
2022-08-12 11:24:26.743572,-0.00042497715912759304,0.1589099019765854,-1.0614675283432007
2022-08-12 11:24:26.753576,-0.0003993755963165313,0.15887083113193512,-1.0614978075027466
2022-08-12 11:24:26.763400,-0.00041218451224267483,0.1588314026594162,-1.0614904165267944
2022-08-12 11:24:26.773566,-0.00037843131576664746,0.15883152186870575,-1.0614591836929321
2022-08-12 11:24:26.783781,-0.0003778487734962255,0.15883108973503113,-1.0614919662475586
2022-08-12 11:24:26.793826,-0.0003873935784213245,0.15883901715278625,-1.0615172386169434
2022-08-12 11:24:26.804180,-0.000374042458133772,0.15884095430374146,-1.0614769458770752
2022-08-12 11:24:26.813977,-0.0004353125987108797,0.15888912975788116,-1.0614194869995117
2022-08-12 11:24:26.824011,-0.0005190621595829725,0.15890008211135864,-1.0614346265792847
2022-08-12 11:24:26.833957,-0.0005219291197136045,0.1589321345090866,-1.0614076852798462
2022-08-12 11:24:26.844157,-0.0005275279399938881,0.15892617404460907,-1.0614030361175537
2022-08-12 11:24:26.854095,-0.0005445817369036376,0.15885385870933533,-1.0614725351333618
2022-08-12 11:24:26.864373,-0.0005693995044566691,0.15891258418560028,-1.061470627784729
2022-08-12 11:24:26.874129,-0.0005607875064015388,0.1589052677154541,-1.0614641904830933
2022-08-12 11:24:26.884121,-0.0005687141674570739,0.1588783711194992,-1.061413288116455
2022-08-12 11:24:26.894083,-0.0006046963389962912,0.15889036655426025,-1.0613874197006226
2022-08-12 11:24:26.904354,-0.0005596580449491739,0.1588936448097229,-1.0613971948623657
2022-08-12 11:24:26.913985,-0.0005043864366598427,0.1588601917028427,-1.0613958835601807
2022-08-12 11:24:26.924044,-0.0005054129287600517,0.15891942381858826,-1.061383605003357
2022-08-12 11:24:26.933837,-0.0004844874201808125,0.1589188128709793,-1.0613161325454712
2022-08-12 11:24:26.943785,-0.0005286193336360157,0.1588788628578186,-1.061327576637268
2022-08-12 11:24:26.954016,-0.0005911507760174572,0.15886524319648743,-1.0613658428192139
2022-08-12 11:24:26.964074,-0.000619902741163969,0.15889039635658264,-1.0613964796066284
2022-08-12 11:24:26.973800,-0.0006138131720945239,0.15891139209270477,-1.0613830089569092
2022-08-12 11:24:26.984081,-0.0006085471250116825,0.1588543951511383,-1.061354160308838
2022-08-12 11:24:26.994055,-0.0005938116810284555,0.15884816646575928,-1.0613346099853516
2022-08-12 11:24:27.003930,-0.0006242333329282701,0.1588383913040161,-1.0613372325897217
2022-08-12 11:24:27.013974,-0.000601685605943203,0.15876653790473938,-1.061334490776062
2022-08-12 11:24:27.023992,-0.0005907974555157125,0.15876033902168274,-1.0613148212432861
2022-08-12 11:24:27.033903,-0.0005345131503418088,0.15875086188316345,-1.061306357383728
2022-08-12 11:24:27.043895,-0.0005865462590008974,0.1587497740983963,-1.0613714456558228
2022-08-12 11:24:27.053968,-0.0006034836987964809,0.1587706059217453,-1.0614427328109741
2022-08-12 11:24:27.063845,-0.0006264965049922466,0.15873897075653076,-1.061422348022461
2022-08-12 11:24:27.073801,-0.0006159922922961414,0.1587202399969101,-1.0614383220672607
2022-08-12 11:24:27.084089,-0.0005800753133371472,0.15868759155273438,-1.061413049697876
2022-08-12 11:24:27.094388,-0.0005443475674837828,0.15864907205104828,-1.0614060163497925
2022-08-12 11:24:27.104285,-0.000491994374897331,0.15864962339401245,-1.061354160308838
2022-08-12 11:24:27.113999,-0.0005719966720789671,0.15863609313964844,-1.0613834857940674
2022-08-12 11:24:27.124263,-0.0006046788184903562,0.15864914655685425,-1.0614114999771118
2022-08-12 11:24:27.134083,-0.000706589431501925,0.15863126516342163,-1.0614510774612427
2022-08-12 11:24:27.144415,-0.0006926749483682215,0.15864896774291992,-1.0614190101623535
2022-08-12 11:24:27.154237,-0.0007265176391229033,0.15863069891929626,-1.0613991022109985
2022-08-12 11:24:27.164050,-0.0007027320098131895,0.158639058470726,-1.0614434480667114
2022-08-12 11:24:27.174180,-0.0006767193553969264,0.15863700211048126,-1.0614044666290283
2022-08-12 11:24:27.183808,-0.0006642429507337511,0.1586695909500122,-1.0614396333694458
2022-08-12 11:24:27.194220,-0.0006174133741296828,0.15865589678287506,-1.061468482017517
2022-08-12 11:24:27.204065,-0.000594107317738235,0.15869666635990143,-1.0614662170410156
2022-08-12 11:24:27.214067,-0.0006243911338970065,0.1587066799402237,-1.0615315437316895
2022-08-12 11:24:27.224060,-0.0006091146497055888,0.15869544446468353,-1.0615308284759521
2022-08-12 11:24:27.233741,-0.0005732806748710573,0.15870246291160583,-1.061488151550293
2022-08-12 11:24:27.243477,-0.0005792577285319567,0.15876103937625885,-1.0615079402923584
2022-08-12 11:24:27.253525,-0.0005590557702817023,0.15872099995613098,-1.0614806413650513
2022-08-12 11:24:27.263431,-0.0005382481031119823,0.15874309837818146,-1.0614324808120728
2022-08-12 11:24:27.273548,-0.0005337809561751783,0.15880022943019867,-1.0614681243896484
2022-08-12 11:24:27.283698,-0.0004917453043162823,0.15874041616916656,-1.0615040063858032
2022-08-12 11:24:27.293453,-0.00047730718506500125,0.15878549218177795,-1.0615841150283813
2022-08-12 11:24:27.303572,-0.0004402996855787933,0.15875567495822906,-1.0616122484207153
2022-08-12 11:24:27.313828,-0.00043585634557530284,0.15874865651130676,-1.0616133213043213
2022-08-12 11:24:27.324298,-0.0004512374580372125,0.15872420370578766,-1.061625361442566
2022-08-12 11:24:27.334053,-0.00046287025907076895,0.15871445834636688,-1.061621069908142
2022-08-12 11:24:27.344107,-0.0004615264479070902,0.15871596336364746,-1.0615713596343994
2022-08-12 11:24:27.354070,-0.000448006292572245,0.15870432555675507,-1.0615571737289429
2022-08-12 11:24:27.364212,-0.0003583231882657856,0.15874826908111572,-1.0615568161010742
2022-08-12 11:24:27.374110,-0.00034646785934455693,0.15875568985939026,-1.061565637588501
2022-08-12 11:24:27.383965,-0.0003085547068621963,0.15879391133785248,-1.0615935325622559
2022-08-12 11:24:27.394242,-0.0003152536228299141,0.15880709886550903,-1.0616124868392944
2022-08-12 11:24:27.404101,-0.00030264328233897686,0.1588502824306488,-1.061657428741455
2022-08-12 11:24:27.414103,-0.0003075524000450969,0.15884368121623993,-1.0616364479064941
2022-08-12 11:24:27.424233,-0.0003283749392721802,0.15884579718112946,-1.0616388320922852
2022-08-12 11:24:27.433957,-0.00033444311702623963,0.15884366631507874,-1.0616188049316406
2022-08-12 11:24:27.444199,-0.0003430924843996763,0.1588364690542221,-1.0616071224212646
2022-08-12 11:24:27.454017,-0.00030027038883417845,0.15888187289237976,-1.061609148979187
2022-08-12 11:24:27.463843,-0.0002448858576826751,0.15891632437705994,-1.0615999698638916
2022-08-12 11:24:27.473773,-0.0002493925276212394,0.15893463790416718,-1.061628818511963
2022-08-12 11:24:27.484071,-0.0002693578426260501,0.1589372754096985,-1.0616695880889893
2022-08-12 11:24:27.493842,-0.00028475685394369066,0.15891596674919128,-1.0616861581802368
2022-08-12 11:24:27.503827,-0.00023268445511348546,0.15891294181346893,-1.061655879020691
2022-08-12 11:24:27.514020,-0.00019758961570914835,0.1588703989982605,-1.0616753101348877
2022-08-12 11:24:27.523990,-0.0002546753385104239,0.15884897112846375,-1.061660885810852
2022-08-12 11:24:27.533835,-0.0002899144892580807,0.1588001847267151,-1.0616594552993774
2022-08-12 11:24:27.544078,-0.0003246183041483164,0.1588202565908432,-1.0616682767868042
2022-08-12 11:24:27.553992,-0.0003266221028752625,0.15880632400512695,-1.0616506338119507
2022-08-12 11:24:27.563842,-0.0003555369330570102,0.1588098257780075,-1.0616796016693115
2022-08-12 11:24:27.573796,-0.00042240199400112033,0.15877701342105865,-1.0617427825927734
2022-08-12 11:24:27.583950,-0.00041586256702430546,0.1587648242712021,-1.0617235898971558
2022-08-12 11:24:27.594140,-0.0003982789639849216,0.15876778960227966,-1.0617587566375732
2022-08-12 11:24:27.604302,-0.0004336815036367625,0.15875029563903809,-1.061758279800415
2022-08-12 11:24:27.614079,-0.0004482637741602957,0.15877152979373932,-1.061759352684021
2022-08-12 11:24:27.624026,-0.0004283222951926291,0.15874797105789185,-1.061704158782959
2022-08-12 11:24:27.634126,-0.00046960520558059216,0.15876266360282898,-1.0616856813430786
2022-08-12 11:24:27.644162,-0.0004707861808128655,0.15878745913505554,-1.0616803169250488
2022-08-12 11:24:27.654178,-0.0004874544101767242,0.158821702003479,-1.0617313385009766
2022-08-12 11:24:27.664057,-0.0005283923237584531,0.1588723212480545,-1.0617510080337524
2022-08-12 11:24:27.674034,-0.0005337625043466687,0.15887214243412018,-1.0617426633834839
2022-08-12 11:24:27.684030,-0.0005218086880631745,0.1589026004076004,-1.0617296695709229
2022-08-12 11:24:27.694064,-0.000537112180609256,0.1589818298816681,-1.0617363452911377
2022-08-12 11:24:27.703909,-0.0005491449264809489,0.1589859426021576,-1.0618069171905518
2022-08-12 11:24:27.714138,-0.0005076875095255673,0.1589774489402771,-1.061797857284546
2022-08-12 11:24:27.724334,-0.0004517481429502368,0.15894410014152527,-1.0618064403533936
2022-08-12 11:24:27.734103,-0.00046851628576405346,0.15893210470676422,-1.0618373155593872
2022-08-12 11:24:27.744281,-0.0004461457720026374,0.15891021490097046,-1.061834454536438
2022-08-12 11:24:27.754260,-0.00040121478377841413,0.1589466631412506,-1.061866044998169
2022-08-12 11:24:27.764287,-0.00038502662209793925,0.1588955819606781,-1.0618611574172974
2022-08-12 11:24:27.774250,-0.00038559071253985167,0.15888072550296783,-1.0618934631347656
2022-08-12 11:24:27.784074,-0.00039193659904412925,0.15888404846191406,-1.0619103908538818
2022-08-12 11:24:27.794049,-0.0004181628464721143,0.15887172520160675,-1.0619134902954102
2022-08-12 11:24:27.804096,-0.00035778002347797155,0.15893080830574036,-1.0619094371795654
2022-08-12 11:24:27.814018,-0.00034745060838758945,0.15892431139945984,-1.0619031190872192
2022-08-12 11:24:27.824344,-0.0003291976172477007,0.15889881551265717,-1.061926007270813
2022-08-12 11:24:27.834068,-0.0003541902988217771,0.15887190401554108,-1.0619311332702637
2022-08-12 11:24:27.843995,-0.0003016864648088813,0.15887032449245453,-1.061909556388855
2022-08-12 11:24:27.853812,-0.00029422432999126613,0.15886059403419495,-1.0619484186172485
2022-08-12 11:24:27.864100,-0.0003392695798538625,0.1588600128889084,-1.0619847774505615
2022-08-12 11:24:27.873918,-0.00038810670957900584,0.15887515246868134,-1.0620253086090088
2022-08-12 11:24:27.883883,-0.0003638584748841822,0.15882882475852966,-1.062045931816101
2022-08-12 11:24:27.893589,-0.0004059986094944179,0.15883949398994446,-1.0619943141937256
2022-08-12 11:24:27.903878,-0.00043585000094026327,0.1588882952928543,-1.0620090961456299
2022-08-12 11:24:27.913800,-0.00040996071766130626,0.15888279676437378,-1.0620238780975342
2022-08-12 11:24:27.923980,-0.0004755765839945525,0.15885013341903687,-1.0620157718658447
2022-08-12 11:24:27.934296,-0.0004742027958855033,0.15885961055755615,-1.0620126724243164
2022-08-12 11:24:27.944176,-0.0004553500912152231,0.15887893736362457,-1.0620181560516357
2022-08-12 11:24:27.954098,-0.0004432776477187872,0.15886083245277405,-1.0620180368423462
2022-08-12 11:24:27.964157,-0.000423887453507632,0.158922478556633,-1.062014102935791
2022-08-12 11:24:27.974344,-0.00044517481001093984,0.15896224975585938,-1.0620805025100708
2022-08-12 11:24:27.983936,-0.0004208079189993441,0.15893106162548065,-1.0620410442352295
2022-08-12 11:24:27.993956,-0.00038645140011794865,0.15895898640155792,-1.0620396137237549
2022-08-12 11:24:28.004317,-0.0003311363107059151,0.15892799198627472,-1.0620501041412354
2022-08-12 11:24:28.014052,-0.0003592327702790499,0.15892982482910156,-1.0620484352111816
2022-08-12 11:24:28.024481,-0.00035350993857719004,0.15885379910469055,-1.0620474815368652
2022-08-12 11:24:28.033992,-0.0003616965259425342,0.1588135063648224,-1.0620230436325073
2022-08-12 11:24:28.044278,-0.00034218773362226784,0.15883862972259521,-1.0619947910308838
2022-08-12 11:24:28.054186,-0.0003373946819920093,0.15882647037506104,-1.0620155334472656
2022-08-12 11:24:28.064158,-0.0003717640647664666,0.15879954397678375,-1.062012791633606
2022-08-12 11:24:28.074286,-0.00036026572342962027,0.15874484181404114,-1.0620357990264893
2022-08-12 11:24:28.084313,-0.0003670572186820209,0.15879051387310028,-1.0620384216308594
2022-08-12 11:24:28.094006,-0.0003802106948569417,0.15876920521259308,-1.0620251893997192
2022-08-12 11:24:28.103816,-0.00035235658288002014,0.15874259173870087,-1.0620027780532837
2022-08-12 11:24:28.114077,-0.0003674462786875665,0.15867732465267181,-1.0619946718215942
2022-08-12 11:24:28.123892,-0.00033963838359341025,0.1586790829896927,-1.061989665031433
2022-08-12 11:24:28.133878,-0.0003394806117285043,0.15871694684028625,-1.062005877494812
2022-08-12 11:24:28.144026,-0.00038918748032301664,0.1587560623884201,-1.0620142221450806
2022-08-12 11:24:28.153974,-0.00040950579568743706,0.1587984263896942,-1.0620155334472656
2022-08-12 11:24:28.163834,-0.00039016985101625323,0.15878576040267944,-1.062009334564209
2022-08-12 11:24:28.173874,-0.00037806955515407026,0.15880253911018372,-1.0620218515396118
2022-08-12 11:24:28.183980,-0.00035793197457678616,0.15880481898784637,-1.0620001554489136
2022-08-12 11:24:28.193855,-0.00035195774398744106,0.15873071551322937,-1.062024474143982
2022-08-12 11:24:28.203956,-0.000373251416021958,0.1586938500404358,-1.0620352029800415
2022-08-12 11:24:28.214094,-0.000330875045619905,0.15869496762752533,-1.0620697736740112
2022-08-12 11:24:28.224087,-0.00030675181187689304,0.15864965319633484,-1.062078833580017
2022-08-12 11:24:28.233483,-0.0002925969602074474,0.15864327549934387,-1.0621459484100342
2022-08-12 11:24:28.243488,-0.00026894710026681423,0.15867196023464203,-1.0621789693832397
