Accel_x,Accel_y,Accel_z,Roll,Pitch,Yaw,Timestamp
0.004939027596265078,0.0033778382930904627,-0.997382402420044,-0.0036737367045134306,0.005390063393861055,0.8299196362495422,2022-09-01 20-18-43-743219
0.00481589138507843,0.00392976263538003,-0.9958019852638245,-0.003697363194078207,0.005394932813942432,0.8299552202224731,2022-09-01 20-18-43-749660
0.004689450841397047,0.0037370119243860245,-0.9964208006858826,-0.0037033739499747753,0.005368266254663467,0.8300124406814575,2022-09-01 20-18-43-752592
0.00527070602402091,0.0027063963934779167,-0.9963974356651306,-0.00364241492934525,0.005359598435461521,0.8300020694732666,2022-09-01 20-18-43-755886
0.005296149756759405,0.002443931298330426,-0.9964953660964966,-0.003617021255195141,0.005398599896579981,0.829954206943512,2022-09-01 20-18-43-758820
0.004932960495352745,0.003306264290586114,-0.9960407018661499,-0.0036179886665195227,0.005459968466311693,0.8299115896224976,2022-09-01 20-18-43-761984
0.004975992254912853,0.0029133951757103205,-0.9960808753967285,-0.0035986911971122026,0.005492138676345348,0.8299304246902466,2022-09-01 20-18-43-764833
0.004958915989845991,0.0021545691415667534,-0.9979403614997864,-0.0035808079410344362,0.005433139391243458,0.8299145102500916,2022-09-01 20-18-43-767957
0.004920728038996458,0.0028073519933968782,-0.9981334805488586,-0.0035621949937194586,0.005421921610832214,0.8299105167388916,2022-09-01 20-18-43-771570
0.005401137284934521,0.0037757637910544872,-0.9967185854911804,-0.0035117072984576225,0.005498811602592468,0.8299261331558228,2022-09-01 20-18-43-774750
0.004213465843349695,0.004963443148881197,-0.9964802265167236,-0.0034954871516674757,0.005499934311956167,0.8299202919006348,2022-09-01 20-18-43-777677
0.004594404250383377,0.003402474569156766,-0.9973381757736206,-0.003497411496937275,0.00546193728223443,0.829915463924408,2022-09-01 20-18-43-781943
0.005523929838091135,0.0023761948104947805,-0.9968371391296387,-0.0034474069252610207,0.0055037070997059345,0.8299327492713928,2022-09-01 20-18-43-785519
0.005621631629765034,0.0026464667171239853,-0.9978419542312622,-0.003421772737056017,0.005508985370397568,0.8299546837806702,2022-09-01 20-18-43-790119
0.006190206855535507,0.0028390914667397738,-0.9973267316818237,-0.0033722335938364267,0.005571914836764336,0.8299921751022339,2022-09-01 20-18-43-793928
0.005854611750692129,0.0027237029280513525,-0.998465895652771,-0.0033791072200983763,0.005579145159572363,0.8299904465675354,2022-09-01 20-18-43-797474
0.005566030740737915,0.0035953696351498365,-0.997862696647644,-0.0034305716399103403,0.005564692430198193,0.8299770355224609,2022-09-01 20-18-43-801082
0.005375121254473925,0.0034035928547382355,-0.9972385764122009,-0.0034736753441393375,0.0055740149691700935,0.8299875855445862,2022-09-01 20-18-43-803973
0.0062921117059886456,0.003847273299470544,-0.9960159063339233,-0.00347395078279078,0.005550727713853121,0.830048143863678,2022-09-01 20-18-43-806685
0.006159934680908918,0.0027760483790189028,-0.9959344267845154,-0.0034738052636384964,0.005528697278350592,0.8300273418426514,2022-09-01 20-18-43-810678
0.005767591297626495,0.003995322156697512,-0.996922492980957,-0.0034251289907842875,0.005511356983333826,0.8300449252128601,2022-09-01 20-18-43-814389
0.005600329488515854,0.003901042975485325,-0.9974501132965088,-0.0034265138674527407,0.005454502999782562,0.83000648021698,2022-09-01 20-18-43-818506
0.005681847222149372,0.0040243566036224365,-0.9973769187927246,-0.0033545873593539,0.005435707047581673,0.8300266265869141,2022-09-01 20-18-43-822232
0.003738265484571457,0.005071280989795923,-0.9962691068649292,-0.003327525220811367,0.005420416593551636,0.8300264477729797,2022-09-01 20-18-43-827092
0.005364833399653435,0.004504858050495386,-0.9965898990631104,-0.003278890158981085,0.00544788409024477,0.8299947381019592,2022-09-01 20-18-43-831625
0.005652011372148991,0.0042170193046331406,-0.9968224167823792,-0.003309315536171198,0.005478950217366219,0.8300235271453857,2022-09-01 20-18-43-835822
0.006457800976932049,0.0038404676597565413,-0.9969037175178528,-0.0033253412693738937,0.005446733441203833,0.8299959301948547,2022-09-01 20-18-43-839839
0.006309987045824528,0.004697170574218035,-0.9950847625732422,-0.0033535396214574575,0.0054652150720357895,0.8300213813781738,2022-09-01 20-18-43-843328
0.005885976832360029,0.0028048171661794186,-0.997464120388031,-0.0033834001515060663,0.005483327433466911,0.8300589323043823,2022-09-01 20-18-43-846024
0.005370725877583027,0.0028396889101713896,-0.9972026944160461,-0.0034176702611148357,0.005486471578478813,0.8300537467002869,2022-09-01 20-18-43-849056
0.00621829554438591,0.003195574739947915,-0.9977180361747742,-0.003410573350265622,0.005525955464690924,0.8300777673721313,2022-09-01 20-18-43-851716
0.006176944822072983,0.003970002289861441,-0.997058629989624,-0.0033313774038106203,0.005531831178814173,0.8300501704216003,2022-09-01 20-18-43-854578
0.004776392597705126,0.0034207035787403584,-0.9960474967956543,-0.003249487606808543,0.005572514608502388,0.8300366401672363,2022-09-01 20-18-43-858454
0.004848028067499399,0.003360288916155696,-0.9963633418083191,-0.0032491518650203943,0.005540843587368727,0.8300416469573975,2022-09-01 20-18-43-863052
0.006030311807990074,0.0032785970252007246,-0.9963956475257874,-0.003245574189350009,0.005562912207096815,0.8300018906593323,2022-09-01 20-18-43-866360
0.0058396658860147,0.004503789823502302,-0.995579719543457,-0.0032354886643588543,0.005625755060464144,0.8299675583839417,2022-09-01 20-18-43-870428
0.005925252102315426,0.004235242027789354,-0.9964653253555298,-0.0031957037281244993,0.005602905061095953,0.8299962282180786,2022-09-01 20-18-43-874679
0.005624115001410246,0.0034385034814476967,-0.9968294501304626,-0.0032119459938257933,0.005638647358864546,0.8299177885055542,2022-09-01 20-18-43-879548
0.00527332304045558,0.004066980443894863,-0.994883120059967,-0.0032191043719649315,0.005670236889272928,0.8299782276153564,2022-09-01 20-18-43-883730
0.006062211003154516,0.0036401236429810524,-0.9961974024772644,-0.003244924359023571,0.005645522847771645,0.8299596905708313,2022-09-01 20-18-43-888100
0.0067540062591433525,0.0030820860993117094,-0.9974857568740845,-0.0032351054251194,0.005686433054506779,0.8299342393875122,2022-09-01 20-18-43-891276
0.006451134569942951,0.002640201710164547,-0.9975221157073975,-0.003176505211740732,0.0056697651743888855,0.8299276828765869,2022-09-01 20-18-43-894608
0.006864105351269245,0.003622832940891385,-0.9963716268539429,-0.0031714129727333784,0.005650839768350124,0.8299224972724915,2022-09-01 20-18-43-897306
0.005626256112009287,0.0029815235175192356,-0.9967281818389893,-0.0031392842065542936,0.005662271752953529,0.829952597618103,2022-09-01 20-18-43-900330
0.00483482051640749,0.0025086950045078993,-0.9964613914489746,-0.00310792145319283,0.0056470101699233055,0.8299257159233093,2022-09-01 20-18-43-903503
0.005414578132331371,0.0037814525421708822,-0.9969124794006348,-0.0031013791449368,0.0055953203700482845,0.8299604654312134,2022-09-01 20-18-43-906771
0.004839561879634857,0.003130377270281315,-0.9975155591964722,-0.0031342420261353254,0.005615582223981619,0.8299921751022339,2022-09-01 20-18-43-910220
0.005199778359383345,0.00297321705147624,-0.9977757334709167,-0.0031549809500575066,0.005613802466541529,0.8300129771232605,2022-09-01 20-18-43-913240
0.005559162236750126,0.003761868691071868,-0.9973447918891907,-0.0031532072462141514,0.005611822009086609,0.8299618363380432,2022-09-01 20-18-43-917186
0.005914909765124321,0.004176571499556303,-0.9966130256652832,-0.0031494791619479656,0.0056201438419520855,0.830014169216156,2022-09-01 20-18-43-921059
0.005549045279622078,0.004797212779521942,-0.9967287182807922,-0.0031772637739777565,0.0056341285817325115,0.8300368189811707,2022-09-01 20-18-43-926433
0.004974106326699257,0.002820753725245595,-0.9973338842391968,-0.0031888531520962715,0.005617687478661537,0.8300766348838806,2022-09-01 20-18-43-931733
0.005095023196190596,0.003081934293732047,-0.997410237789154,-0.003181265201419592,0.005621705669909716,0.8300774097442627,2022-09-01 20-18-43-937338
0.005521975923329592,0.0034362180158495903,-0.9971185326576233,-0.0031914482824504375,0.005652891006320715,0.8300711512565613,2022-09-01 20-18-43-943030
0.005008605308830738,0.0030523226596415043,-0.99807208776474,-0.0031918969471007586,0.005615218076854944,0.8300755620002747,2022-09-01 20-18-43-946872
0.0045208097435534,0.00477816816419363,-0.9959725737571716,-0.003209386020898819,0.005613991059362888,0.8300482034683228,2022-09-01 20-18-43-950529
0.005063713528215885,0.003198721446096897,-0.997121274471283,-0.003169059520587325,0.0055522192269563675,0.8300702571868896,2022-09-01 20-18-43-954270
0.004627908580005169,0.0022260621190071106,-0.9980969429016113,-0.0032051834277808666,0.00548465084284544,0.8300941586494446,2022-09-01 20-18-43-958058
0.004566957242786884,0.0019924326334148645,-0.9976235032081604,-0.003195155179128051,0.005489815026521683,0.8300971388816833,2022-09-01 20-18-43-961537
0.005714405328035355,0.0025183865800499916,-0.9973644018173218,-0.003229391761124134,0.005445776041597128,0.8301379084587097,2022-09-01 20-18-43-965736
0.00514233810827136,0.003046787576749921,-0.9977425336837769,-0.0032383135985583067,0.005421710666269064,0.8300960659980774,2022-09-01 20-18-43-969639
0.0059130024164915085,0.003696850035339594,-0.9972811341285706,-0.0032226380426436663,0.005473070777952671,0.83006751537323,2022-09-01 20-18-43-974939
0.00571955693885684,0.0032311982940882444,-0.9972359538078308,-0.003205199958756566,0.00546777481213212,0.8301174640655518,2022-09-01 20-18-43-978998
0.006328892894089222,0.002895322162657976,-0.9983664751052856,-0.0031810984946787357,0.005433582700788975,0.8301479816436768,2022-09-01 20-18-43-983201
0.006140286102890968,0.0026080734096467495,-0.9974439740180969,-0.00322097260504961,0.005436345003545284,0.8302032947540283,2022-09-01 20-18-43-987306
0.006007733289152384,0.002532352926209569,-0.9976820349693298,-0.003238891251385212,0.00544317439198494,0.8301953077316284,2022-09-01 20-18-43-993374
0.006274051498621702,0.003417051862925291,-0.9975319504737854,-0.0032579193357378244,0.005453953519463539,0.830199658870697,2022-09-01 20-18-43-999278
0.005226463545113802,0.004027375020086765,-0.9977648258209229,-0.003251417074352503,0.005485450383275747,0.8302050232887268,2022-09-01 20-18-44-005794
0.005261448211967945,0.0038816884625703096,-0.9975771307945251,-0.0033174746204167604,0.005449733231216669,0.8301865458488464,2022-09-01 20-18-44-011589
0.005408464930951595,0.0032224643509835005,-0.9982216954231262,-0.0032503074035048485,0.005502798594534397,0.830238401889801,2022-09-01 20-18-44-018488
0.005636060144752264,0.004175545182079077,-0.9966052174568176,-0.003277816576883197,0.005472212098538876,0.8302131295204163,2022-09-01 20-18-44-022701
0.006007630843669176,0.003823940409347415,-0.996597170829773,-0.003246442647650838,0.005449199117720127,0.8302010297775269,2022-09-01 20-18-44-026962
0.006456747185438871,0.004389957524836063,-0.9964475035667419,-0.0032255947589874268,0.005488688591867685,0.8302216529846191,2022-09-01 20-18-44-031177
0.006844569928944111,0.002515441970899701,-0.9966333508491516,-0.0032131767366081476,0.005436464212834835,0.8302536606788635,2022-09-01 20-18-44-035757
0.005381696857511997,0.0027182658668607473,-0.9967268109321594,-0.0032673170790076256,0.005465553607791662,0.8302512168884277,2022-09-01 20-18-44-039839
0.005831439979374409,0.003271650755777955,-0.9982074499130249,-0.003234907053411007,0.005452718585729599,0.8302424550056458,2022-09-01 20-18-44-046484
0.005660321097820997,0.003931309096515179,-0.9975054264068604,-0.00318547454662621,0.005402573384344578,0.8302322030067444,2022-09-01 20-18-44-050499
0.005245397333055735,0.0032356318552047014,-0.9965124726295471,-0.003202820895239711,0.005381994880735874,0.8302792906761169,2022-09-01 20-18-44-054987
0.0055428422056138515,0.0022329913917928934,-0.9981827735900879,-0.0032495222985744476,0.005333509761840105,0.8302665948867798,2022-09-01 20-18-44-060003
0.005682634189724922,0.00255428534001112,-0.9978636503219604,-0.0032198212575167418,0.005403044633567333,0.8303293585777283,2022-09-01 20-18-44-064201
0.0052524348720908165,0.002575305290520191,-0.9972293972969055,-0.0032129394821822643,0.005344498436897993,0.8303993344306946,2022-09-01 20-18-44-067589
0.005887938197702169,0.004209364764392376,-0.9975751638412476,-0.0032879342325031757,0.005330178886651993,0.8303812742233276,2022-09-01 20-18-44-071400
0.0068621644750237465,0.004339416511356831,-0.9966834187507629,-0.0032822927460074425,0.0053616175428032875,0.8303655982017517,2022-09-01 20-18-44-074559
0.0061944895423948765,0.003480364568531513,-0.9966556429862976,-0.0033687707036733627,0.005282803438603878,0.830381453037262,2022-09-01 20-18-44-077197
0.006007254123687744,0.0028061079792678356,-0.9970559477806091,-0.0033574041444808245,0.005317391362041235,0.8303436040878296,2022-09-01 20-18-44-079972
0.005978893488645554,0.0023822258226573467,-0.9979396462440491,-0.003355588996782899,0.005326718557626009,0.8303496837615967,2022-09-01 20-18-44-082636
0.005443014204502106,0.0036806187126785517,-0.9971213936805725,-0.0033801512327045202,0.005313980858772993,0.8303737640380859,2022-09-01 20-18-44-086299
0.005942855961620808,0.0031126083340495825,-0.9965928792953491,-0.0033791144378483295,0.005395547952502966,0.8303738236427307,2022-09-01 20-18-44-089060
0.00676377210766077,0.003623036900535226,-0.9972668886184692,-0.003371611936017871,0.005426999647170305,0.830394983291626,2022-09-01 20-18-44-092183
0.0057701109908521175,0.003498883219435811,-0.9963445663452148,-0.0033724401146173477,0.005395672749727964,0.830376386642456,2022-09-01 20-18-44-094926
0.006223207805305719,0.0026852774899452925,-0.9968256950378418,-0.0033272237051278353,0.005414982791990042,0.8303616642951965,2022-09-01 20-18-44-097612
0.005196704063564539,0.0019515571184456348,-0.997490644454956,-0.0033256527967751026,0.005429205484688282,0.8303834795951843,2022-09-01 20-18-44-100436
0.006829189136624336,0.002428341656923294,-0.9983465671539307,-0.003339050803333521,0.005460021551698446,0.8303939700126648,2022-09-01 20-18-44-104097
0.006584052462130785,0.00264311907812953,-0.9991322159767151,-0.0033326956909149885,0.0054687983356416225,0.8304464817047119,2022-09-01 20-18-44-107895
0.006124092265963554,0.002593458164483309,-0.9980916380882263,-0.0033406203147023916,0.0054912748746573925,0.8304727077484131,2022-09-01 20-18-44-111064
0.006386443041265011,0.003030028659850359,-0.9977490901947021,-0.0033154345583170652,0.005534941330552101,0.8304640650749207,2022-09-01 20-18-44-115316
0.003914757631719112,0.004666076507419348,-0.9965465664863586,-0.0033286113757640123,0.005546485539525747,0.8304312229156494,2022-09-01 20-18-44-119662
0.004077628254890442,0.004418410826474428,-0.995793879032135,-0.0033832560293376446,0.0055371178314089775,0.830469012260437,2022-09-01 20-18-44-124873
0.0056612431071698666,0.004039902240037918,-0.9961724877357483,-0.003401755588129163,0.005537610035389662,0.8304641246795654,2022-09-01 20-18-44-129171
0.005739073269069195,0.003920428454875946,-0.9957593083381653,-0.003383608302101493,0.0055234101600945,0.8304371237754822,2022-09-01 20-18-44-132637
0.006296274717897177,0.004084047861397266,-0.9979349970817566,-0.003364351112395525,0.005530542694032192,0.8304392695426941,2022-09-01 20-18-44-136168
0.006605245638638735,0.003941910341382027,-0.9973667860031128,-0.003392742946743965,0.00551423616707325,0.8305026888847351,2022-09-01 20-18-44-138881
0.0060602459125220776,0.0038737941067665815,-0.9956100583076477,-0.003379971254616976,0.0055154114961624146,0.8305251002311707,2022-09-01 20-18-44-141310
0.00510682538151741,0.0037064701318740845,-0.9971063733100891,-0.0034022873733192682,0.005471398588269949,0.8305349349975586,2022-09-01 20-18-44-144287
0.004446816630661488,0.0031098437029868364,-0.9980398416519165,-0.0034295497462153435,0.00543101504445076,0.8305222988128662,2022-09-01 20-18-44-147287
0.004536290653049946,0.0033646374940872192,-0.9968352317810059,-0.003425520146265626,0.005419801454991102,0.8305292725563049,2022-09-01 20-18-44-150303
0.004095553886145353,0.003440577769652009,-0.9975258708000183,-0.00339146563783288,0.005438835360109806,0.8305172324180603,2022-09-01 20-18-44-153417
0.004216199275106192,0.0030023125000298023,-0.9971191883087158,-0.003363797441124916,0.0054177953861653805,0.8304754495620728,2022-09-01 20-18-44-156770
0.005864618346095085,0.003026070538908243,-0.9973025321960449,-0.0033545237965881824,0.005447919014841318,0.8304752111434937,2022-09-01 20-18-44-160168
0.0050233290530741215,0.002801463007926941,-0.9966714978218079,-0.0034073609858751297,0.005465665832161903,0.8304698467254639,2022-09-01 20-18-44-163931
0.006128599401563406,0.003095845226198435,-0.9956742525100708,-0.00339869549497962,0.005484133958816528,0.8304191827774048,2022-09-01 20-18-44-167268
0.005703165661543608,0.00444740941748023,-0.9965373873710632,-0.003387236734852195,0.0054613337852060795,0.8304323554039001,2022-09-01 20-18-44-171034
0.005460607353597879,0.004483506549149752,-0.9971231818199158,-0.0034177815541625023,0.005462634842842817,0.8304384350776672,2022-09-01 20-18-44-175059
0.005379205569624901,0.003692994127050042,-0.9977481961250305,-0.00341160804964602,0.005492156371474266,0.8304596543312073,2022-09-01 20-18-44-179763
0.004990216810256243,0.003805615706369281,-0.9969246983528137,-0.0034361218567937613,0.0055157397873699665,0.8304537534713745,2022-09-01 20-18-44-184801
0.00539378309622407,0.0035434758756309748,-0.9970022439956665,-0.0034221522510051727,0.005494754295796156,0.830434262752533,2022-09-01 20-18-44-188934
0.004846739582717419,0.0039006832521408796,-0.9962772727012634,-0.0034110811538994312,0.0054739899933338165,0.8304331302642822,2022-09-01 20-18-44-192896
0.004897211212664843,0.0034404201433062553,-0.9965404272079468,-0.0034204444382339716,0.0054297177121043205,0.8304412961006165,2022-09-01 20-18-44-196294
0.0042921495623886585,0.00380446738563478,-0.9970328211784363,-0.0033907052129507065,0.005466657690703869,0.8304604291915894,2022-09-01 20-18-44-199266
0.0064116888679564,0.0035525124985724688,-0.9969459772109985,-0.0034262791741639376,0.0054664937779307365,0.8304940462112427,2022-09-01 20-18-44-202461
0.0063573638908565044,0.0031193774193525314,-0.9969189763069153,-0.0034454111009836197,0.005493065342307091,0.8305058479309082,2022-09-01 20-18-44-205221
0.005190411116927862,0.002845825394615531,-0.9973275661468506,-0.0034508169628679752,0.005515617318451405,0.830524206161499,2022-09-01 20-18-44-207794
0.004221001639962196,0.0029346547089517117,-0.9973761439323425,-0.0034748748876154423,0.005482502281665802,0.830511748790741,2022-09-01 20-18-44-211180
0.004848818760365248,0.004149945452809334,-0.995781660079956,-0.003416190156713128,0.005486388690769672,0.8304798603057861,2022-09-01 20-18-44-214292
0.0047683389857411385,0.0031215567141771317,-0.9975982308387756,-0.0034112443681806326,0.005499429069459438,0.8304535150527954,2022-09-01 20-18-44-217208
0.005396414548158646,0.0030275702010840178,-0.9970821142196655,-0.003352171741425991,0.005475856363773346,0.8304443955421448,2022-09-01 20-18-44-219903
0.0060891564935445786,0.0030066438484936953,-0.9977191686630249,-0.003377189626917243,0.005478289909660816,0.8304616212844849,2022-09-01 20-18-44-222680
0.005514808464795351,0.0036320292856544256,-0.997210681438446,-0.003381474409252405,0.005475667305290699,0.8304725885391235,2022-09-01 20-18-44-225729
0.004766656085848808,0.0034329311456531286,-0.9964478611946106,-0.003311159322038293,0.005460384767502546,0.8304561376571655,2022-09-01 20-18-44-228570
0.005306055303663015,0.0038922508247196674,-0.9963402152061462,-0.00332618341781199,0.005467380862683058,0.8304430842399597,2022-09-01 20-18-44-231489
0.005626647267490625,0.0038266335614025593,-0.9963520169258118,-0.003359452821314335,0.005470453295856714,0.8304508328437805,2022-09-01 20-18-44-234644
0.006173051428049803,0.0033211233094334602,-0.997224748134613,-0.003400046844035387,0.005463875364512205,0.8304492235183716,2022-09-01 20-18-44-237590
0.0048360200598835945,0.003173230681568384,-0.9972430467605591,-0.003406684612855315,0.005492568016052246,0.8304654955863953,2022-09-01 20-18-44-240316
0.005198072176426649,0.002450604923069477,-0.9955040216445923,-0.0034148863051086664,0.005516799632459879,0.8305143713951111,2022-09-01 20-18-44-244773
0.005013010464608669,0.0028652693144977093,-0.9969114661216736,-0.003431766526773572,0.005494983866810799,0.8305402398109436,2022-09-01 20-18-44-247912
0.005255899857729673,0.0032714896369725466,-0.9981339573860168,-0.003505901899188757,0.005519675090909004,0.8305342197418213,2022-09-01 20-18-44-251114
0.0054268017411231995,0.0034916845615953207,-1.0003477334976196,-0.003552196780219674,0.0055651175789535046,0.8305330276489258,2022-09-01 20-18-44-254127
0.003599810414016247,0.003058142028748989,-0.9991579651832581,-0.0034948457032442093,0.005563695915043354,0.8305716514587402,2022-09-01 20-18-44-258009
0.0054411799646914005,0.003235813695937395,-0.9974893927574158,-0.003508361056447029,0.005535362288355827,0.8305389881134033,2022-09-01 20-18-44-263334
0.005084803327918053,0.003635905683040619,-0.9964990019798279,-0.0035325337667018175,0.005526573862880468,0.830573558807373,2022-09-01 20-18-44-268472
0.004007276147603989,0.004019986838102341,-0.9964818954467773,-0.003543499857187271,0.005481956526637077,0.8305752277374268,2022-09-01 20-18-44-273164
0.005272955168038607,0.0028119387570768595,-0.996198832988739,-0.0035565949510782957,0.00547096086665988,0.8306110501289368,2022-09-01 20-18-44-277938
0.004832798149436712,0.00300380727276206,-0.9978266358375549,-0.003526547225192189,0.005461147055029869,0.8306447863578796,2022-09-01 20-18-44-281329
0.005133611615747213,0.0025936837773770094,-0.9979432225227356,-0.0035501886159181595,0.0055104517377913,0.8306077122688293,2022-09-01 20-18-44-284498
0.005451370496302843,0.0029545368161052465,-0.9967972636222839,-0.0035564678255468607,0.0055086854845285416,0.8306092619895935,2022-09-01 20-18-44-288021
0.004455283284187317,0.004350604489445686,-0.9971423149108887,-0.00353795918636024,0.005564645864069462,0.8306226134300232,2022-09-01 20-18-44-291561
0.005305946804583073,0.0028491956181824207,-0.9988158345222473,-0.0035438062623143196,0.005587338469922543,0.8306486010551453,2022-09-01 20-18-44-295014
0.005701573099941015,0.002966110361739993,-0.998473048210144,-0.0035286007914692163,0.005635895766317844,0.8306750655174255,2022-09-01 20-18-44-298330
0.0052131786942481995,0.0032008213456720114,-0.9977238178253174,-0.003595837391912937,0.005654243752360344,0.8306966423988342,2022-09-01 20-18-44-301220
0.00511920778080821,0.0027853825595229864,-0.9975140690803528,-0.0035793082788586617,0.0056520868092775345,0.8306931257247925,2022-09-01 20-18-44-304387
0.00479541253298521,0.00396701879799366,-0.9981047511100769,-0.0035752374678850174,0.00564562575891614,0.8307252526283264,2022-09-01 20-18-44-307274
0.005301094613969326,0.003832733491435647,-0.9964109659194946,-0.0035670294892042875,0.005653019528836012,0.8307393789291382,2022-09-01 20-18-44-310645
0.005989314056932926,0.003626033430919051,-0.9967733025550842,-0.003553505055606365,0.005708469543606043,0.8307318687438965,2022-09-01 20-18-44-313449
0.006072197575122118,0.0040793828666210175,-0.9973480105400085,-0.003619847120717168,0.005657995585352182,0.8306936621665955,2022-09-01 20-18-44-316624
0.005323514342308044,0.002109857276082039,-0.9970488548278809,-0.0036748864222317934,0.005633825436234474,0.8307244181632996,2022-09-01 20-18-44-319668
0.005842716433107853,0.0022775062825530767,-0.9965990781784058,-0.003637631656602025,0.005631301552057266,0.8306689262390137,2022-09-01 20-18-44-322607
0.005926801357418299,0.0027895262464880943,-0.9970256686210632,-0.0036852038465440273,0.005563055165112019,0.8306522965431213,2022-09-01 20-18-44-326233
0.0061364732682704926,0.0023001334629952908,-0.9968507289886475,-0.0036476815585047007,0.005592540837824345,0.8306517004966736,2022-09-01 20-18-44-329474
0.0052384426817297935,0.0023707346990704536,-0.9972143173217773,-0.0036336504854261875,0.0055358451791107655,0.8306798338890076,2022-09-01 20-18-44-332393
0.004417418502271175,0.00281458324752748,-0.995808482170105,-0.003614649176597595,0.00559951039031148,0.8306823968887329,2022-09-01 20-18-44-335434
0.004593466408550739,0.003007442457601428,-0.9973437190055847,-0.003594548674300313,0.0056488998234272,0.8307037949562073,2022-09-01 20-18-44-338429
0.0045682755298912525,0.003055941080674529,-0.9973931908607483,-0.0036157704889774323,0.005616393871605396,0.8307179808616638,2022-09-01 20-18-44-341130
0.006010762415826321,0.003112759906798601,-0.9965146780014038,-0.0035261120647192,0.005604657810181379,0.8307758569717407,2022-09-01 20-18-44-344034
0.005719915498048067,0.0033639012835919857,-0.9978629350662231,-0.0035071976017206907,0.005622935947030783,0.8307831287384033,2022-09-01 20-18-44-347091
0.005131515674293041,0.003646252676844597,-0.9962180256843567,-0.0034985863603651524,0.0056269350461661816,0.8307612538337708,2022-09-01 20-18-44-349747
0.005633051041513681,0.003062167204916477,-0.9977023601531982,-0.003514496609568596,0.005656125023961067,0.8307713270187378,2022-09-01 20-18-44-352400
0.0058266399428248405,0.00277139525860548,-0.9972563982009888,-0.0034584137611091137,0.005622482858598232,0.8307728171348572,2022-09-01 20-18-44-355543
0.005584126338362694,0.003178112441673875,-0.9975208640098572,-0.0034612196031957865,0.005650222767144442,0.8307330012321472,2022-09-01 20-18-44-358891
0.004693208262324333,0.003618634771555662,-0.9955505132675171,-0.0034923232160508633,0.00566841010004282,0.8307796716690063,2022-09-01 20-18-44-361848
0.005202169995754957,0.0027953938115388155,-0.9973402619361877,-0.0034833145327866077,0.00569339981302619,0.830787181854248,2022-09-01 20-18-44-364939
0.00578209338709712,0.0030724196694791317,-0.997501015663147,-0.003453124314546585,0.005700760055333376,0.8307996988296509,2022-09-01 20-18-44-367879
0.006922684144228697,0.003336304100230336,-0.9984003305435181,-0.003455896396189928,0.005705084651708603,0.830826461315155,2022-09-01 20-18-44-370914
0.00646369531750679,0.0029663245659321547,-0.997499942779541,-0.003481424180790782,0.0056778923608362675,0.8308005332946777,2022-09-01 20-18-44-373694
0.004990681074559689,0.003809255314990878,-0.9973823428153992,-0.0035048862919211388,0.005678100977092981,0.8308145999908447,2022-09-01 20-18-44-376891
0.005217011086642742,0.003551352070644498,-0.9969030022621155,-0.0035347589291632175,0.005641615018248558,0.8308183550834656,2022-09-01 20-18-44-380046
0.005988690536469221,0.002909812144935131,-0.9963526725769043,-0.003564012935385108,0.0056667993776500225,0.8308557868003845,2022-09-01 20-18-44-382823
0.006010584533214569,0.0028163110837340355,-0.9967911243438721,-0.0035404919181019068,0.005683412309736013,0.8308332562446594,2022-09-01 20-18-44-385911
0.006342858076095581,0.00350172002799809,-0.9970629215240479,-0.0035691913217306137,0.005695910658687353,0.8308792114257812,2022-09-01 20-18-44-389060
0.006005729548633099,0.0033770245499908924,-0.9983514547348022,-0.0035930650774389505,0.0056822639890015125,0.8308552503585815,2022-09-01 20-18-44-391924
0.004665670916438103,0.003967548254877329,-0.9970400333404541,-0.0036548045463860035,0.005623362492769957,0.8308823704719543,2022-09-01 20-18-44-395023
0.004580320790410042,0.0032399443443864584,-0.9969695210456848,-0.003646866651251912,0.005655757617205381,0.8308175802230835,2022-09-01 20-18-44-397860
0.005895094946026802,0.0027562137693166733,-0.9971787333488464,-0.003658055095002055,0.005649361293762922,0.8308227062225342,2022-09-01 20-18-44-401017
0.005673463921993971,0.00347221945412457,-0.9976769685745239,-0.0036554564721882343,0.005631002131849527,0.8308109641075134,2022-09-01 20-18-44-403869
0.005400734953582287,0.0026058009825646877,-0.9975707530975342,-0.0036915133241564035,0.005622354801744223,0.8308465480804443,2022-09-01 20-18-44-406625
0.005116866901516914,0.002477382542565465,-0.9961259961128235,-0.0036859100218862295,0.005629504565149546,0.8308326005935669,2022-09-01 20-18-44-410549
0.00477962102741003,0.0038266368210315704,-0.9961786866188049,-0.0036863842979073524,0.005631246138364077,0.8308588862419128,2022-09-01 20-18-44-413440
0.005817187484353781,0.002867403905838728,-0.9976093769073486,-0.0036933289375156164,0.005661080591380596,0.8308927416801453,2022-09-01 20-18-44-416762
0.005638273898512125,0.0023496332578361034,-0.9989714026451111,-0.0036669448018074036,0.005654464941471815,0.830892026424408,2022-09-01 20-18-44-419627
0.00513099692761898,0.0033889038022607565,-0.9967682957649231,-0.0036639515310525894,0.005657906178385019,0.830866277217865,2022-09-01 20-18-44-422362
0.004439945798367262,0.0036012737546116114,-0.996787428855896,-0.003630168968811631,0.005624116398394108,0.8308889269828796,2022-09-01 20-18-44-425547
0.004664933308959007,0.00439475616440177,-0.9967772364616394,-0.003641932737082243,0.005584068596363068,0.8308994770050049,2022-09-01 20-18-44-428284
0.004855749662965536,0.004207639489322901,-0.9966869950294495,-0.003675691783428192,0.005647541489452124,0.8309063911437988,2022-09-01 20-18-44-431024
0.004354673903435469,0.0038942673709243536,-0.996953010559082,-0.0036507307086139917,0.005698635242879391,0.8308873772621155,2022-09-01 20-18-44-434449
0.004921553190797567,0.003458759281784296,-0.9961540699005127,-0.003652391955256462,0.005679858382791281,0.8308514356613159,2022-09-01 20-18-44-437395
0.005309347063302994,0.003008592873811722,-0.9962470531463623,-0.0036339578218758106,0.00569496164098382,0.8308641910552979,2022-09-01 20-18-44-440656
0.00493554538115859,0.0030277715995907784,-0.9979572296142578,-0.0036843849811702967,0.005678961519151926,0.830857515335083,2022-09-01 20-18-44-444950
0.006467172876000404,0.003140707267448306,-0.9972031712532043,-0.0036889100447297096,0.005643909797072411,0.8308857679367065,2022-09-01 20-18-44-448950
0.004421590827405453,0.0032531674951314926,-0.9973570108413696,-0.0036670956760644913,0.005601866170763969,0.8309206962585449,2022-09-01 20-18-44-453230
0.004748918116092682,0.0024694865569472313,-0.9981757402420044,-0.0036600239109247923,0.005605679005384445,0.8309426307678223,2022-09-01 20-18-44-458457
0.005581274162977934,0.0034287841990590096,-0.997957170009613,-0.0036135755944997072,0.0056460159830749035,0.8309644460678101,2022-09-01 20-18-44-462987
0.005367932841181755,0.0028199274092912674,-0.9962875247001648,-0.0036279356572777033,0.005623542238026857,0.8309667706489563,2022-09-01 20-18-44-467267
0.004921906162053347,0.003360208822414279,-0.9973045587539673,-0.003654575441032648,0.005575900431722403,0.8309584259986877,2022-09-01 20-18-44-471490
0.007183213252574205,0.004040579777210951,-0.9972238540649414,-0.0036336961202323437,0.005563606973737478,0.8309440016746521,2022-09-01 20-18-44-475088
0.006102834828197956,0.004118103999644518,-0.9968073964118958,-0.0036865128204226494,0.005516539793461561,0.8309313058853149,2022-09-01 20-18-44-478292
0.004914421588182449,0.002893403870984912,-0.9953777194023132,-0.003651411971077323,0.005476148333400488,0.8309587240219116,2022-09-01 20-18-44-481518
0.004958502482622862,0.0025006639771163464,-0.997504472732544,-0.0036709217820316553,0.0054825772531330585,0.8309335708618164,2022-09-01 20-18-44-484635
0.004855127539485693,0.0032361557241529226,-0.9975982904434204,-0.0036675964947789907,0.005517732352018356,0.8309005498886108,2022-09-01 20-18-44-487528
0.005553072318434715,0.003163360059261322,-0.996454656124115,-0.0036808776203542948,0.005544793792068958,0.8308659195899963,2022-09-01 20-18-44-490302
0.005530107766389847,0.0030496912077069283,-0.9963383674621582,-0.0037459246814250946,0.005493528209626675,0.8308925032615662,2022-09-01 20-18-44-494252
0.005969085730612278,0.003358363639563322,-0.996675431728363,-0.003726130584254861,0.005493841599673033,0.830864429473877,2022-09-01 20-18-44-497296
0.0053449999541044235,0.00401682686060667,-0.9961015582084656,-0.0037094028666615486,0.005492070689797401,0.8308908939361572,2022-09-01 20-18-44-499926
0.005768450442701578,0.0037610505241900682,-0.9974624514579773,-0.0037301206029951572,0.005473290104418993,0.830856442451477,2022-09-01 20-18-44-502663
0.00570389861240983,0.002980270190164447,-0.99794602394104,-0.003695155493915081,0.0054739974439144135,0.8308961391448975,2022-09-01 20-18-44-505718
0.005734703969210386,0.0023934398777782917,-0.9976541996002197,-0.003729440737515688,0.005495432764291763,0.8309316039085388,2022-09-01 20-18-44-510082
0.006063202861696482,0.0026330023538321257,-0.997377336025238,-0.0037662505637854338,0.0055167460814118385,0.8309109807014465,2022-09-01 20-18-44-513843
0.005184847861528397,0.0020890268497169018,-0.9967608451843262,-0.0037722925189882517,0.005521072074770927,0.8308925032615662,2022-09-01 20-18-44-517657
0.005600188858807087,0.00238274154253304,-0.9969239234924316,-0.0038109351880848408,0.005544191692024469,0.8309145569801331,2022-09-01 20-18-44-520983
0.006554779130965471,0.003068022895604372,-0.9982377886772156,-0.0038557492662221193,0.005560086574405432,0.8308559656143188,2022-09-01 20-18-44-524060
0.00483368057757616,0.004412156064063311,-0.9967688322067261,-0.0038498176727443933,0.005531369708478451,0.8308566808700562,2022-09-01 20-18-44-528394
0.0049414909444749355,0.00405915779992938,-0.9969254732131958,-0.0038992303889244795,0.005569158121943474,0.8308811187744141,2022-09-01 20-18-44-531642
0.00525994598865509,0.0035063468385487795,-0.9965280294418335,-0.0038860049098730087,0.005595305468887091,0.8309438228607178,2022-09-01 20-18-44-534887
0.006213553715497255,0.0033843081910163164,-0.9975476264953613,-0.003888313192874193,0.005586951971054077,0.8309323787689209,2022-09-01 20-18-44-538326
0.006382899358868599,0.00393389817327261,-0.9952337145805359,-0.003911185543984175,0.00560297816991806,0.830930769443512,2022-09-01 20-18-44-541462
0.0051304129883646965,0.0037223882973194122,-0.9961056113243103,-0.0038960815872997046,0.005618692375719547,0.8309669494628906,2022-09-01 20-18-44-544783
0.0054513197392225266,0.00430555222555995,-1.0010974407196045,-0.00390525721013546,0.005598797462880611,0.8309214115142822,2022-09-01 20-18-44-547628
0.006098875775933266,0.0031307735480368137,-0.9954333901405334,-0.00393016217276454,0.00561115238815546,0.8309272527694702,2022-09-01 20-18-44-550788
0.004866745322942734,0.0033664314541965723,-0.997674286365509,-0.003923814743757248,0.005597070790827274,0.8309381604194641,2022-09-01 20-18-44-553922
0.005471660755574703,0.004047350957989693,-0.9974278211593628,-0.0039293100126087666,0.0055333636701107025,0.8309974670410156,2022-09-01 20-18-44-556973
0.005882302299141884,0.0037522385828197002,-0.9965027570724487,-0.003932692110538483,0.005560474935919046,0.8310386538505554,2022-09-01 20-18-44-561139
0.005151150282472372,0.002829097444191575,-0.9962672591209412,-0.003907090984284878,0.005528253503143787,0.8310577273368835,2022-09-01 20-18-44-564397
0.005581722129136324,0.003417892847210169,-0.9963319897651672,-0.0038548926822841167,0.005539890378713608,0.8311094045639038,2022-09-01 20-18-44-567141
0.005228690803050995,0.00307890004478395,-0.9978095293045044,-0.0038412646390497684,0.005497349891811609,0.8311581611633301,2022-09-01 20-18-44-571273
0.005255309399217367,0.0030488241463899612,-0.9964345097541809,-0.003867519088089466,0.005501034669578075,0.8311346769332886,2022-09-01 20-18-44-575003
0.005848792381584644,0.003413107246160507,-0.9980166554450989,-0.003839917480945587,0.005501324310898781,0.8311201930046082,2022-09-01 20-18-44-578141
0.005565714091062546,0.003475658828392625,-0.9973511695861816,-0.0038242479786276817,0.005536740180104971,0.8311084508895874,2022-09-01 20-18-44-580915
0.004561975598335266,0.002879988867789507,-0.9970892071723938,-0.0038361437618732452,0.005554053466767073,0.8311052322387695,2022-09-01 20-18-44-583697
0.004804773256182671,0.0031732225324958563,-0.9961906671524048,-0.0038263406604528427,0.005599587690085173,0.8311476111412048,2022-09-01 20-18-44-586726
0.005621657706797123,0.003243165323510766,-0.9977892637252808,-0.0038282261230051517,0.005613064859062433,0.831132709980011,2022-09-01 20-18-44-589765
0.004936715587973595,0.0038654229138046503,-0.9966264367103577,-0.0038734793197363615,0.005665399134159088,0.8311328887939453,2022-09-01 20-18-44-593091
0.004538082052022219,0.0035146758891642094,-0.9964633584022522,-0.003935607150197029,0.005649231839925051,0.8311229944229126,2022-09-01 20-18-44-596351
0.004464542958885431,0.004107714165002108,-0.9970031380653381,-0.00391810666769743,0.0056470888666808605,0.8311057686805725,2022-09-01 20-18-44-599092
0.0052630542777478695,0.003262606216594577,-0.9963114261627197,-0.0038859881460666656,0.005641460884362459,0.8311344981193542,2022-09-01 20-18-44-602275
0.005553111899644136,0.00392403919249773,-0.9964585304260254,-0.003909108228981495,0.0056192921474576,0.8311405181884766,2022-09-01 20-18-44-605034
0.005642489530146122,0.0031413170509040356,-0.9961497187614441,-0.003906860947608948,0.005608972627669573,0.8311142921447754,2022-09-01 20-18-44-607889
0.005406755954027176,0.0027064906898885965,-0.9973204135894775,-0.003888789564371109,0.005599149037152529,0.8311085104942322,2022-09-01 20-18-44-611174
0.0056257364340126514,0.002962531289085746,-0.9981275796890259,-0.003933505155146122,0.0056373123079538345,0.8310471177101135,2022-09-01 20-18-44-614499
0.004498540423810482,0.003025063080713153,-0.99735426902771,-0.003933487460017204,0.005685835611075163,0.8310949206352234,2022-09-01 20-18-44-617538
0.004926420282572508,0.004097874276340008,-0.9951445460319519,-0.003957543987780809,0.005659249145537615,0.8310983777046204,2022-09-01 20-18-44-620655
0.004951081704348326,0.004023231100291014,-0.9963042140007019,-0.00397116132080555,0.005673910025507212,0.8310755491256714,2022-09-01 20-18-44-623429
0.005754243582487106,0.0032235814724117517,-0.9971693754196167,-0.003916159272193909,0.005674911197274923,0.8310838341712952,2022-09-01 20-18-44-627291
0.005181813146919012,0.0027397973462939262,-0.9972774982452393,-0.003912335727363825,0.005661973264068365,0.8311147093772888,2022-09-01 20-18-44-630583
0.005404005758464336,0.003324761986732483,-0.9967110753059387,-0.0038949409499764442,0.005687728524208069,0.8311744332313538,2022-09-01 20-18-44-633538
0.00474048126488924,0.002090856432914734,-0.9975510239601135,-0.003933187574148178,0.005702323280274868,0.8312020301818848,2022-09-01 20-18-44-636474
0.004552128724753857,0.0020914289634674788,-0.9964146018028259,-0.004026410635560751,0.005691103171557188,0.8311677575111389,2022-09-01 20-18-44-639284
0.005613981746137142,0.002514817751944065,-0.9967674612998962,-0.004019639454782009,0.0056535471230745316,0.8311989903450012,2022-09-01 20-18-44-643224
0.005341638345271349,0.003575027920305729,-0.9971337914466858,-0.003971001133322716,0.0055945878848433495,0.8312181234359741,2022-09-01 20-18-44-646783
0.006046594120562077,0.0038715412374585867,-0.9959003925323486,-0.003953583538532257,0.0056000216864049435,0.8311671018600464,2022-09-01 20-18-44-650494
0.004514414817094803,0.004120372701436281,-0.9953723549842834,-0.003995641600340605,0.005655257031321526,0.8311260342597961,2022-09-01 20-18-44-653639
0.004675806500017643,0.004669702146202326,-0.9941432476043701,-0.0040093474090099335,0.005644049029797316,0.8311407566070557,2022-09-01 20-18-44-656796
0.004284004680812359,0.003493861760944128,-0.9959801435470581,-0.004019490443170071,0.00566280959174037,0.8311758041381836,2022-09-01 20-18-44-660608
0.0051234420388937,0.0031906592193990946,-0.9981652498245239,-0.004022633191198111,0.0055921548046171665,0.831163763999939,2022-09-01 20-18-44-664528
0.005854742601513863,0.003348696744069457,-0.9979164600372314,-0.004025039728730917,0.005564120132476091,0.8310903310775757,2022-09-01 20-18-44-668142
0.005742765497416258,0.0028827942442148924,-0.9967948794364929,-0.004036174155771732,0.005582798738032579,0.8310409784317017,2022-09-01 20-18-44-671068
0.006132536102086306,0.003323033917695284,-0.9969758987426758,-0.004057419020682573,0.0055687278509140015,0.8310516476631165,2022-09-01 20-18-44-674205
0.00509535800665617,0.0034016091376543045,-0.9984056353569031,-0.0040598842315375805,0.005559275392442942,0.8310664892196655,2022-09-01 20-18-44-678490
0.004509750287979841,0.0030606139916926622,-0.9980251789093018,-0.0040607457049191,0.005551272537559271,0.8310453295707703,2022-09-01 20-18-44-681400
0.004968793597072363,0.0028965610545128584,-0.9970770478248596,-0.004065674729645252,0.005557058844715357,0.8310753107070923,2022-09-01 20-18-44-684488
0.0060227238573133945,0.0035836822353303432,-0.9960559606552124,-0.004065543878823519,0.005606985185295343,0.8310592174530029,2022-09-01 20-18-44-687385
0.005130280740559101,0.003643311792984605,-0.9957326054573059,-0.003993692342191935,0.005566593259572983,0.8310432434082031,2022-09-01 20-18-44-690430
0.005224724765866995,0.0022888989187777042,-0.9973833560943604,-0.004029963631182909,0.005506107583642006,0.831046462059021,2022-09-01 20-18-44-694751
0.0056473747827112675,0.0036103916354477406,-0.9968558549880981,-0.004029282368719578,0.0054783024825155735,0.8310887217521667,2022-09-01 20-18-44-698159
0.005794963333755732,0.0032480405643582344,-0.9971699118614197,-0.004056271631270647,0.005503260996192694,0.8311128616333008,2022-09-01 20-18-44-702237
0.005785519722849131,0.0029171286150813103,-0.9976243376731873,-0.004031077492982149,0.005532834678888321,0.831151008605957,2022-09-01 20-18-44-705791
0.005202861502766609,0.002407041611149907,-0.9969199299812317,-0.004023467656224966,0.005510191898792982,0.8311802744865417,2022-09-01 20-18-44-710582
0.004195224493741989,0.0031495867297053337,-0.9960512518882751,-0.003958490211516619,0.005497652105987072,0.8311863541603088,2022-09-01 20-18-44-715191
0.004873613826930523,0.004628968890756369,-0.9952049255371094,-0.003936504013836384,0.005476627964526415,0.8312056660652161,2022-09-01 20-18-44-719603
0.005007896572351456,0.0052175261080265045,-0.993179976940155,-0.003981032408773899,0.005414864979684353,0.8312626481056213,2022-09-01 20-18-44-723680
0.005835321731865406,0.005575090646743774,-1.0009009838104248,-0.003977050073444843,0.0054400707595050335,0.8312362432479858,2022-09-01 20-18-44-728085
0.005712494254112244,0.0035015051253139973,-0.99928218126297,-0.003993918187916279,0.005454916041344404,0.8312097787857056,2022-09-01 20-18-44-731138
0.0060228146612644196,0.0021598790772259235,-0.9961400628089905,-0.003987602889537811,0.0054131075739860535,0.8311970233917236,2022-09-01 20-18-44-733974
0.0051783365197479725,0.002869304735213518,-0.9942967295646667,-0.004040832631289959,0.005478614941239357,0.8311508893966675,2022-09-01 20-18-44-736652
0.004780805669724941,0.0034895495045930147,-0.997616708278656,-0.004036149941384792,0.005469121504575014,0.8312250375747681,2022-09-01 20-18-44-739624
0.006291880272328854,0.0018440814455971122,-0.9988664388656616,-0.004079115577042103,0.005443446338176727,0.8312336206436157,2022-09-01 20-18-44-743435
0.007400586269795895,0.002340953331440687,-0.9949966073036194,-0.0040668342262506485,0.005496376659721136,0.8312325477600098,2022-09-01 20-18-44-746676
0.007177194580435753,0.0029315606225281954,-0.9958415031433105,-0.004063958767801523,0.005479972809553146,0.8313004374504089,2022-09-01 20-18-44-750029
0.0063157519325613976,0.002955116331577301,-0.9980104565620422,-0.004041829612106085,0.005445309914648533,0.8312946557998657,2022-09-01 20-18-44-753208
0.00578495254740119,0.0028919167816638947,-0.9977232217788696,-0.004076412413269281,0.005472884513437748,0.8313193321228027,2022-09-01 20-18-44-756478
0.006851269397884607,0.004184739664196968,-0.9956125020980835,-0.004125462379306555,0.0054848711006343365,0.8313173055648804,2022-09-01 20-18-44-760593
0.0070510320365428925,0.0035617882385849953,-0.9968371987342834,-0.004078384954482317,0.005560467950999737,0.8313449025154114,2022-09-01 20-18-44-763432
0.005795643199235201,0.0037100515328347683,-0.9966841340065002,-0.004074695520102978,0.005555041134357452,0.8313530087471008,2022-09-01 20-18-44-766468
0.006409094203263521,0.0036666172090917826,-0.9970048069953918,-0.004114391282200813,0.005611170548945665,0.8313519358634949,2022-09-01 20-18-44-769373
0.005329770036041737,0.003983657341450453,-0.9961749911308289,-0.004120782949030399,0.00563058303669095,0.8314261436462402,2022-09-01 20-18-44-772198
0.006028451956808567,0.003959846217185259,-0.997184693813324,-0.00407338747754693,0.0055856904946267605,0.8314472436904907,2022-09-01 20-18-44-775282
0.005499072372913361,0.004490195773541927,-0.9973137974739075,-0.004002736881375313,0.005608099512755871,0.8314958214759827,2022-09-01 20-18-44-778172
0.005452984012663364,0.004015650134533644,-0.9983629584312439,-0.0040598721243441105,0.005594553891569376,0.8314807415008545,2022-09-01 20-18-44-780980
0.005583398509770632,0.003323350101709366,-0.9979552030563354,-0.004042638000100851,0.0055692847818136215,0.8314868807792664,2022-09-01 20-18-44-783797
0.005762615706771612,0.002943945350125432,-0.9962654709815979,-0.003999046981334686,0.005575024057179689,0.8315083384513855,2022-09-01 20-18-44-786667
0.006252186372876167,0.004267579410225153,-0.9944139122962952,-0.003984428010880947,0.005540444981306791,0.8315210342407227,2022-09-01 20-18-44-789385
0.00542800035327673,0.004073546268045902,-0.9972614645957947,-0.003968785982578993,0.005545536521822214,0.8315242528915405,2022-09-01 20-18-44-792367
0.007033998612314463,0.0034872284159064293,-0.996993899345398,-0.0039761303924024105,0.00555797852575779,0.8315621018409729,2022-09-01 20-18-44-795138
0.006097912788391113,0.0037996696773916483,-0.9956521987915039,-0.004010029602795839,0.0055724564008414745,0.8315028548240662,2022-09-01 20-18-44-798146
0.006316933780908585,0.003237705212086439,-0.9953789114952087,-0.003994420636445284,0.005538318771868944,0.831531822681427,2022-09-01 20-18-44-800878
0.006272386759519577,0.004097463097423315,-0.9973781704902649,-0.00404755724593997,0.005541287362575531,0.8315377235412598,2022-09-01 20-18-44-804295
0.00649677449837327,0.003828778862953186,-0.9972383975982666,-0.004089361988008022,0.005553743802011013,0.8315251469612122,2022-09-01 20-18-44-807232
0.005634046159684658,0.0038934603799134493,-0.9962029457092285,-0.004069216549396515,0.005517099983990192,0.8315426707267761,2022-09-01 20-18-44-810663
0.006283036433160305,0.003654253901913762,-0.9974178075790405,-0.00409551989287138,0.00546181621029973,0.8315489888191223,2022-09-01 20-18-44-813868
0.0061068348586559296,0.004094752483069897,-0.9975947737693787,-0.004023091867566109,0.0054750763811171055,0.8315142393112183,2022-09-01 20-18-44-816840
0.005615708883851767,0.0037089348770678043,-0.997745931148529,-0.004043443128466606,0.005465650465339422,0.8315725326538086,2022-09-01 20-18-44-820341
0.006845920346677303,0.0033462063875049353,-0.9981704354286194,-0.004075412172824144,0.005466325208544731,0.8315765261650085,2022-09-01 20-18-44-823461
0.006332628894597292,0.0031197371426969767,-0.9977985620498657,-0.0040247212164103985,0.0055069951340556145,0.8315675854682922,2022-09-01 20-18-44-827420
0.004639761056751013,0.002910219132900238,-0.9983261823654175,-0.0040786415338516235,0.005502237938344479,0.8316214084625244,2022-09-01 20-18-44-830432
0.005798066966235638,0.0025666477158665657,-0.9973261952400208,-0.004135072696954012,0.005496104247868061,0.8316347599029541,2022-09-01 20-18-44-834049
0.005629144608974457,0.0027755547780543566,-0.9978224635124207,-0.004124890081584454,0.005497411359101534,0.8316704630851746,2022-09-01 20-18-44-837356
0.006159792188555002,0.003938034642487764,-0.9987693428993225,-0.0041409144178032875,0.005508218891918659,0.8316834568977356,2022-09-01 20-18-44-840407
0.00620868569239974,0.0038235620595514774,-0.9966574907302856,-0.0041420431807637215,0.0054959487169981,0.8316670060157776,2022-09-01 20-18-44-844171
0.005345955956727266,0.0028426270000636578,-0.9965116381645203,-0.004126112442463636,0.005501809064298868,0.8316578269004822,2022-09-01 20-18-44-847523
0.004441982135176659,0.002857668325304985,-0.9966837763786316,-0.004138050135225058,0.005513391457498074,0.8316757082939148,2022-09-01 20-18-44-850763
0.0047464375384151936,0.0033929951023310423,-0.9972699284553528,-0.00414465693756938,0.0054826028645038605,0.8316861391067505,2022-09-01 20-18-44-854453
0.005430699326097965,0.002738205948844552,-0.9973728060722351,-0.004157508257776499,0.005472864490002394,0.8316610455513,2022-09-01 20-18-44-858292
0.006057938560843468,0.0024696029722690582,-0.999349057674408,-0.004174896981567144,0.005480996333062649,0.8316084742546082,2022-09-01 20-18-44-861914
0.005979062989354134,0.004029236733913422,-0.9965154528617859,-0.0041321623139083385,0.005453369580209255,0.831571638584137,2022-09-01 20-18-44-865104
0.005896030925214291,0.004506041295826435,-0.9962189793586731,-0.004131480120122433,0.005444225389510393,0.8315662145614624,2022-09-01 20-18-44-868737
0.00651409151032567,0.004236857406795025,-0.9972178339958191,-0.004168987274169922,0.005430721677839756,0.8316178321838379,2022-09-01 20-18-44-872144
0.006161055527627468,0.0037430229131132364,-0.9965323805809021,-0.004179373849183321,0.005464716348797083,0.8316351771354675,2022-09-01 20-18-44-876216
0.005559213925153017,0.003212520619854331,-0.9984615445137024,-0.004215910565108061,0.005475866142660379,0.831579864025116,2022-09-01 20-18-44-879996
0.006945429835468531,0.0027516549453139305,-0.9978273510932922,-0.0042000641115009785,0.0055093225091695786,0.8315775990486145,2022-09-01 20-18-44-884831
0.005630902945995331,0.002354059834033251,-0.9983996748924255,-0.0041837687604129314,0.005504905246198177,0.8316130042076111,2022-09-01 20-18-44-889762
0.005433255340903997,0.0035727994982153177,-0.9951992034912109,-0.004132350441068411,0.005480180028825998,0.8316202163696289,2022-09-01 20-18-44-894533
0.005622240249067545,0.0022956354077905416,-0.998515784740448,-0.004128842148929834,0.0054437448270618916,0.8316564559936523,2022-09-01 20-18-44-898508
0.005686656571924686,0.0024427499156445265,-0.9985249638557434,-0.0040808916091918945,0.005459974519908428,0.8316733837127686,2022-09-01 20-18-44-902701
0.00619139801710844,0.003609294770285487,-0.9958525896072388,-0.0040398030541837215,0.00544129591435194,0.8316587209701538,2022-09-01 20-18-44-905964
0.004196105059236288,0.002816419117152691,-0.9966731667518616,-0.003994670696556568,0.0054125175811350346,0.8316752910614014,2022-09-01 20-18-44-909251
0.004172293934971094,0.0032118563540279865,-0.99735426902771,-0.003966837655752897,0.0054097361862659454,0.8317394256591797,2022-09-01 20-18-44-912151
0.005347810219973326,0.002737469272688031,-0.9974631667137146,-0.003939247690141201,0.005446546245366335,0.8317800760269165,2022-09-01 20-18-44-915015
0.004932243376970291,0.0024025021120905876,-0.9973659515380859,-0.0039374069310724735,0.005502541083842516,0.8317686915397644,2022-09-01 20-18-44-917975
0.004923899658024311,0.0023193159140646458,-0.9985746741294861,-0.003897681599482894,0.00544640701264143,0.8317456841468811,2022-09-01 20-18-44-920934
0.005235824268311262,0.003183946246281266,-0.9978621006011963,-0.003848177846521139,0.005475375335663557,0.8317958116531372,2022-09-01 20-18-44-923904
0.004876829218119383,0.002865198068320751,-0.9978402256965637,-0.003836503718048334,0.005411200225353241,0.8318438529968262,2022-09-01 20-18-44-927792
0.004626510199159384,0.0023753151763230562,-0.9977023005485535,-0.0038227359764277935,0.005409995559602976,0.8318572640419006,2022-09-01 20-18-44-930660
0.004961347673088312,0.002642833162099123,-0.9987668991088867,-0.0037914221175014973,0.005394045729190111,0.8318892121315002,2022-09-01 20-18-44-934460
0.005254196934401989,0.0037434035912156105,-0.9982252717018127,-0.003807561472058296,0.005383019335567951,0.8319071531295776,2022-09-01 20-18-44-937214
0.005982923321425915,0.0034046138171106577,-0.9976351857185364,-0.0037808448541909456,0.005365450866520405,0.8318918943405151,2022-09-01 20-18-44-941435
0.005215462762862444,0.0029804175719618797,-0.9974018335342407,-0.0038181787822395563,0.00537806237116456,0.8318799734115601,2022-09-01 20-18-44-945243
0.005266268737614155,0.00219143508002162,-0.9978989958763123,-0.0037629888392984867,0.005380351096391678,0.8318090438842773,2022-09-01 20-18-44-948590
0.0060021230019629,0.0030616754665970802,-0.9975383877754211,-0.0037753938231617212,0.005400366615504026,0.8318025469779968,2022-09-01 20-18-44-952559
0.0060469661839306355,0.0025636176578700542,-0.9974207878112793,-0.003805347718298435,0.005342796910554171,0.8318501710891724,2022-09-01 20-18-44-957319
0.005051335319876671,0.00280744768679142,-0.9975688457489014,-0.0037955311127007008,0.0052872393280267715,0.8318247199058533,2022-09-01 20-18-44-962687
0.005023394711315632,0.0023148187901824713,-0.9977980852127075,-0.0037952526472508907,0.005297824274748564,0.8319268226623535,2022-09-01 20-18-44-967114
0.005298791918903589,0.003077455097809434,-0.9965130686759949,-0.003885003039613366,0.00529217254370451,0.8318713903427124,2022-09-01 20-18-44-970978
0.006061978172510862,0.0030450117774307728,-0.9965373873710632,-0.0038823001086711884,0.005274014547467232,0.8318884968757629,2022-09-01 20-18-44-975141
0.005449378862977028,0.0038213194347918034,-0.996592104434967,-0.0039007882587611675,0.005306528881192207,0.8318687081336975,2022-09-01 20-18-44-979153
0.0048535773530602455,0.004078892525285482,-0.9970927834510803,-0.003948605619370937,0.005322568118572235,0.8318681120872498,2022-09-01 20-18-44-982259
0.005216300021857023,0.0030110252555459738,-0.9977201819419861,-0.003917529247701168,0.0053422050550580025,0.8318981528282166,2022-09-01 20-18-44-993557
0.005046663340181112,0.0022145824041217566,-0.9980539679527283,-0.003945601172745228,0.005333694629371166,0.8319042921066284,2022-09-01 20-18-44-997252
0.005174178164452314,0.003635504748672247,-0.9973588585853577,-0.003947030287235975,0.0053440299816429615,0.8318839073181152,2022-09-01 20-18-45-001042
0.005009563639760017,0.0034866253845393658,-0.9975718855857849,-0.003974659834057093,0.005367699544876814,0.8319135904312134,2022-09-01 20-18-45-005516
0.004053886979818344,0.0029801547061651945,-0.9973691701889038,-0.003940138500183821,0.005321334581822157,0.8319640755653381,2022-09-01 20-18-45-010086
0.004300123546272516,0.0022473474964499474,-0.9979891777038574,-0.003903175937011838,0.005348626524209976,0.8320176601409912,2022-09-01 20-18-45-014504
0.003636250738054514,0.0038039099890738726,-0.9976834058761597,-0.003908317070454359,0.005353005137294531,0.8320406675338745,2022-09-01 20-18-45-019675
0.00559713551774621,0.003014239249750972,-0.9973272085189819,-0.0038840051274746656,0.005320527125149965,0.8320610523223877,2022-09-01 20-18-45-023450
0.005208271089941263,0.0029286679346114397,-0.9977701306343079,-0.003908230923116207,0.00536286411806941,0.8320692777633667,2022-09-01 20-18-45-027900
0.005033835303038359,0.0028846568893641233,-0.9992334842681885,-0.003936961758881807,0.005283315200358629,0.832044780254364,2022-09-01 20-18-45-031396
0.004897829610854387,0.003662222297862172,-0.9981014728546143,-0.003922247793525457,0.005284592509269714,0.8320777416229248,2022-09-01 20-18-45-035078
0.004931317176669836,0.003317604772746563,-0.9971722960472107,-0.003937347326427698,0.005287289619445801,0.8320881724357605,2022-09-01 20-18-45-039611
0.0059112319722771645,0.003065743949264288,-0.9980595707893372,-0.003917943220585585,0.005291230045258999,0.8320754170417786,2022-09-01 20-18-45-043249
0.006861885078251362,0.003476166632026434,-0.9979143142700195,-0.003899988951161504,0.00532617187127471,0.8321133255958557,2022-09-01 20-18-45-045908
0.005576736759394407,0.0031088690739125013,-0.9977331757545471,-0.0038547201547771692,0.005318410228937864,0.8320691585540771,2022-09-01 20-18-45-048727
0.005103081930428743,0.003967185039073229,-0.9967387318611145,-0.003888063132762909,0.005315861664712429,0.8320063948631287,2022-09-01 20-18-45-051361
0.005192951764911413,0.0036129881627857685,-0.998162567615509,-0.0038659358397126198,0.005385671276599169,0.8320639729499817,2022-09-01 20-18-45-054299
0.004530534613877535,0.005270025692880154,-0.9964578151702881,-0.003883597208186984,0.005352091044187546,0.8320618867874146,2022-09-01 20-18-45-057079
0.005680288653820753,0.004358130041509867,-0.9959925413131714,-0.0038778320886194706,0.00536163616925478,0.8320759534835815,2022-09-01 20-18-45-060015
0.005790431518107653,0.004394099581986666,-0.9966150522232056,-0.003935095854103565,0.00534065579995513,0.8321017622947693,2022-09-01 20-18-45-062734
0.0059811631217598915,0.0043130372650921345,-0.997560977935791,-0.0039425259456038475,0.005327507387846708,0.8321378827095032,2022-09-01 20-18-45-066864
0.00569003215059638,0.004051936790347099,-0.9982689023017883,-0.003927372395992279,0.005393956787884235,0.8321819305419922,2022-09-01 20-18-45-069759
0.005134915933012962,0.0020043659023940563,-0.9985264539718628,-0.003949868027120829,0.005372362211346626,0.8322290182113647,2022-09-01 20-18-45-072657
0.004909385461360216,0.00371311092749238,-0.9975971579551697,-0.003926400560885668,0.0053504337556660175,0.8322001695632935,2022-09-01 20-18-45-076824
0.0057228016667068005,0.0043815551325678825,-0.9969297051429749,-0.0038770006503909826,0.005349196493625641,0.83221435546875,2022-09-01 20-18-45-080605
0.005399501882493496,0.003530415240675211,-0.9969523549079895,-0.0038933809846639633,0.005304757971316576,0.8322455883026123,2022-09-01 20-18-45-084985
0.005352690350264311,0.002873658435419202,-0.9972057342529297,-0.003881670767441392,0.00534982793033123,0.8321924805641174,2022-09-01 20-18-45-089427
0.004779219161719084,0.003656809451058507,-0.9974928498268127,-0.003877452341839671,0.005370685365051031,0.8322238922119141,2022-09-01 20-18-45-093695
0.004976898431777954,0.00364924524910748,-0.9974288940429688,-0.0038730783853679895,0.005377706605941057,0.8322022557258606,2022-09-01 20-18-45-097356
0.005367876496165991,0.003790376940742135,-0.9961254596710205,-0.0038233143277466297,0.0054053254425525665,0.8322045803070068,2022-09-01 20-18-45-104011
0.00515871262177825,0.003226500004529953,-0.9960127472877502,-0.0038367852102965117,0.005403146613389254,0.8322021961212158,2022-09-01 20-18-45-106693
0.005350245162844658,0.0024389487225562334,-0.9973850250244141,-0.0038166302256286144,0.005421506706625223,0.8321717381477356,2022-09-01 20-18-45-109687
0.004873538855463266,0.0032274206168949604,-0.9979808926582336,-0.0038059446960687637,0.005421007517725229,0.8321930766105652,2022-09-01 20-18-45-112668
0.00484671164304018,0.004263362381607294,-0.9973481297492981,-0.003819834440946579,0.005411339923739433,0.832220733165741,2022-09-01 20-18-45-115464
0.004608000162988901,0.002838162472471595,-0.9975374937057495,-0.0038391295820474625,0.005435813218355179,0.8322228789329529,2022-09-01 20-18-45-118421
0.004318134393543005,0.0026459305081516504,-0.9980798363685608,-0.0038304717745631933,0.005437236744910479,0.8322083950042725,2022-09-01 20-18-45-121412
0.006330896634608507,0.003323193872347474,-0.9983857274055481,-0.003831788431853056,0.005402824375778437,0.8321561217308044,2022-09-01 20-18-45-125186
0.005748602095991373,0.0025172410532832146,-0.9967684745788574,-0.003844204591587186,0.005438878200948238,0.8321402072906494,2022-09-01 20-18-45-128722
0.005103664472699165,0.0023974450305104256,-0.9963554739952087,-0.0038108702283352613,0.005454402416944504,0.8321313261985779,2022-09-01 20-18-45-133086
0.006186080165207386,0.003903243225067854,-0.9974428415298462,-0.0038360641337931156,0.005417693872004747,0.832167387008667,2022-09-01 20-18-45-137559
0.006160157732665539,0.0031191036105155945,-0.9983004331588745,-0.0038375977892428637,0.005449730437248945,0.8321855068206787,2022-09-01 20-18-45-142936
0.005692809820175171,0.0038273201789706945,-0.9987377524375916,-0.0038357432931661606,0.005399384535849094,0.832264244556427,2022-09-01 20-18-45-147385
0.005717262160032988,0.0039097461849451065,-0.9976281523704529,-0.00383008923381567,0.005432039499282837,0.8322989344596863,2022-09-01 20-18-45-151088
0.005469511263072491,0.002303191227838397,-0.9980242252349854,-0.003810741240158677,0.005473875440657139,0.8323290348052979,2022-09-01 20-18-45-154586
0.005093432497233152,0.0026833033189177513,-0.9975077509880066,-0.003815280506387353,0.005441628862172365,0.8323823809623718,2022-09-01 20-18-45-158037
0.004266090225428343,0.003482301253825426,-0.9977768659591675,-0.003761149477213621,0.005475682206451893,0.83238285779953,2022-09-01 20-18-45-160775
0.005336357746273279,0.003668107558041811,-0.997118353843689,-0.003830882953479886,0.0054666814394295216,0.8323490023612976,2022-09-01 20-18-45-163255
0.005484167952090502,0.003453615354374051,-0.9973419904708862,-0.003845048602670431,0.005510302726179361,0.8323331475257874,2022-09-01 20-18-45-165815
0.005027055274695158,0.0027232463471591473,-0.9976072907447815,-0.003795670811086893,0.005553893744945526,0.8323261737823486,2022-09-01 20-18-45-168549
0.004763109143823385,0.003973304759711027,-0.9967325329780579,-0.003759127575904131,0.005539288744330406,0.8323674201965332,2022-09-01 20-18-45-171701
0.004332003649324179,0.004125587176531553,-0.9971596002578735,-0.0037518967874348164,0.0055426424369215965,0.8323457837104797,2022-09-01 20-18-45-174807
0.004624193534255028,0.004039428662508726,-0.9977173805236816,-0.0037802564911544323,0.005479568149894476,0.832393229007721,2022-09-01 20-18-45-178655
0.005580870434641838,0.004110805690288544,-0.9969737529754639,-0.0038397156167775393,0.005481299478560686,0.8323505520820618,2022-09-01 20-18-45-181639
0.004449568223208189,0.004671755712479353,-0.9963358044624329,-0.0038144562859088182,0.005497179459780455,0.8323681950569153,2022-09-01 20-18-45-185309
0.0043818531557917595,0.0033186988439410925,-0.9978024959564209,-0.0038012731820344925,0.0055289133451879025,0.8323660492897034,2022-09-01 20-18-45-188907
0.005154794082045555,0.0012121786130592227,-0.9971457719802856,-0.0037700063548982143,0.00546949403360486,0.8323103785514832,2022-09-01 20-18-45-192850
0.005191912408918142,0.003587473649531603,-0.9967525601387024,-0.0037569303531199694,0.005449626129120588,0.8323544859886169,2022-09-01 20-18-45-197072
0.004926763009279966,0.0032386393286287785,-0.9974020719528198,-0.003816439537331462,0.005420040339231491,0.8323793411254883,2022-09-01 20-18-45-201613
0.004836749751120806,0.0025229640305042267,-0.9968423843383789,-0.0038079279474914074,0.005420666188001633,0.832380473613739,2022-09-01 20-18-45-205875
0.004589862655848265,0.0038070757873356342,-0.9958420395851135,-0.003779360791668296,0.005419506691396236,0.8324629664421082,2022-09-01 20-18-45-209528
0.006525821518152952,0.00449778838083148,-0.9965111017227173,-0.003855534130707383,0.005392398219555616,0.8324537873268127,2022-09-01 20-18-45-212128
0.006601809989660978,0.003923259675502777,-0.9978511929512024,-0.0038686306215822697,0.005450498312711716,0.8325237035751343,2022-09-01 20-18-45-214619
0.005818638950586319,0.003269096603617072,-0.9988413453102112,-0.003816460259258747,0.00546997832134366,0.832533597946167,2022-09-01 20-18-45-218036
0.005890482570976019,0.002608153037726879,-0.9985902905464172,-0.003818550379946828,0.005481342319399118,0.8325926065444946,2022-09-01 20-18-45-220843
0.0048988074995577335,0.0030540241859853268,-0.9980270266532898,-0.0037962680216878653,0.00546648632735014,0.832634687423706,2022-09-01 20-18-45-223251
0.0043351915664970875,0.003435594029724598,-0.9973117113113403,-0.003774844342842698,0.00542578985914588,0.8326208591461182,2022-09-01 20-18-45-226378
0.005487394984811544,0.003702146466821432,-0.9978054761886597,-0.0037825165782123804,0.005461874883621931,0.8326623439788818,2022-09-01 20-18-45-229389
